all,genus,species,subspecies,provence,,,,,provence____,Taxa,name
Acmena_smithii,Acmena,smithii,,,,,,,____,Acmena smithii ,acmena smithii
Agonis_flexuosa,Agonis,flexuosa,,,,,,,____,Agonis flexuosa ,agonis flexuosa
Allosyncarpia_ternata_CANB_760015,Allosyncarpia,ternata,,CANB,760015,,,,CANB_760015___,Allosyncarpia ternata ,allosyncarpia ternata
Amomyrtus_luma,Amomyrtus,luma,,,,,,,____,Amomyrtus luma ,amomyrtus luma
Angophora_bakeri_subsp_bakeri_LAN103,Angophora,bakeri,bakeri,,,LAN103,,,__LAN103__,Angophora bakeri subsp. bakeri,angophora bakeri subsp. bakeri
Angophora_costata_subsp_costata_LAN043,Angophora,costata,costata,,,LAN043,,,__LAN043__,Angophora costata subsp. costata,angophora costata subsp. costata
Angophora_exul_573034,Angophora,exul,,573034,,,,,573034____,Angophora exul ,angophora exul
Angophora_floribunda_LAN107,Angophora,floribunda,,LAN107,,,,,LAN107____,Angophora floribunda ,angophora floribunda
Angophora_hispida_LAN009,Angophora,hispida,,LAN009,,,,,LAN009____,Angophora hispida ,angophora hispida
Angophora_inopina_LAN025,Angophora,inopina,,LAN025,,,,,LAN025____,Angophora inopina ,angophora inopina
Angophora_melanoxylon_509,Angophora,melanoxylon,,509,,,,,509____,Angophora melanoxylon ,angophora melanoxylon
Angophora_robur_LAN056,Angophora,robur,,LAN056,,,,,LAN056____,Angophora robur ,angophora robur
Angophora_subvelutina_LAN059,Angophora,subvelutina,,LAN059,,,,,LAN059____,Angophora subvelutina ,angophora subvelutina
Angophora_woodsiana_LAN058,Angophora,woodsiana,,LAN058,,,,,LAN058____,Angophora woodsiana ,angophora woodsiana
Arillastrum_gummiferum,Arillastrum,gummiferum,,,,,,,____,Arillastrum gummiferum ,arillastrum gummiferum
Cloezia_floribunda,Cloezia,floribunda,,,,,,,____,Cloezia floribunda ,cloezia floribunda
Corymbia_abbreviata_CANB_459002,Corymbia,abbreviata,,CANB,459002,,,,CANB_459002___,Corymbia abbreviata ,corymbia abbreviata
Corymbia_abergiana_633,Corymbia,abergiana,,633,,,,,633____,Corymbia abergiana ,corymbia abergiana
Corymbia_aparrerinja_MC_10615,Corymbia,aparrerinja,,MC,10615,,,,MC_10615___,Corymbia aparrerinja ,corymbia aparrerinja
Corymbia_arafurica_CANB_557707,Corymbia,arafurica,,CANB,557707,,,,CANB_557707___,Corymbia arafurica ,corymbia arafurica
Corymbia_arenaria_MC_10558,Corymbia,arenaria,,MC,10558,,,,MC_10558___,Corymbia arenaria ,corymbia arenaria
Corymbia_aspera_CANB_785505,Corymbia,aspera,,CANB,785505,,,,CANB_785505___,Corymbia aspera ,corymbia aspera
Corymbia_aureola_CANB_582839,Corymbia,aureola,,CANB,582839,,,,CANB_582839___,Corymbia aureola ,corymbia aureola
Corymbia_bella_MC_10518,Corymbia,bella,,MC,10518,,,,MC_10518___,Corymbia bella ,corymbia bella
Corymbia_blakei_CANB_582767,Corymbia,blakei,,CANB,582767,,,,CANB_582767___,Corymbia blakei ,corymbia blakei
Corymbia_bleeseri_MC_10516,Corymbia,bleeseri,,MC,10516,,,,MC_10516___,Corymbia bleeseri ,corymbia bleeseri
Corymbia_bloxsomei_238,Corymbia,bloxsomei,,238,,,,,238____,Corymbia bloxsomei ,corymbia bloxsomei
Corymbia_brachycarpa_Mt_Annan_891988,Corymbia,brachycarpa,,Mt,Ann,891988,,,Mt_Ann_891988__,Corymbia brachycarpa ,corymbia brachycarpa
Corymbia_bunites_229,Corymbia,bunites,,229,,,,,229____,Corymbia bunites ,corymbia bunites
Corymbia_cadophora_subsp_cadophora_MC_10577,Corymbia,cadophora,cadophora,,,MC,10577,,__MC_10577_,Corymbia cadophora subsp. cadophora,corymbia cadophora subsp. cadophora
Corymbia_calophylla_377,Corymbia,calophylla,,377,,,,,377____,Corymbia calophylla ,corymbia calophylla
Corymbia_candida_subsp_dispodes_454,Corymbia,candida,dispodes,,,454,,,__454__,Corymbia candida subsp. dispodes,corymbia candida subsp. dispodes
Corymbia_catenaria_240,Corymbia,catenaria,,240,,,,,240____,Corymbia catenaria ,corymbia catenaria
Corymbia_chippendalei_CANB_513580,Corymbia,chippendalei,,CANB,513580,,,,CANB_513580___,Corymbia chippendalei ,corymbia chippendalei
Corymbia_citriodora_231,Corymbia,citriodora,,231,,,,,231____,Corymbia citriodora ,corymbia citriodora
Corymbia_clarksoniana_ANBG_643951,Corymbia,clarksoniana,,ANBG,643951,,,,ANBG_643951___,Corymbia clarksoniana ,corymbia clarksoniana
Corymbia_collina_MC_10588,Corymbia,collina,,MC,10588,,,,MC_10588___,Corymbia collina ,corymbia collina
Corymbia_confertiflora_CANB_785485,Corymbia,confertiflora,,CANB,785485,,,,CANB_785485___,Corymbia confertiflora ,corymbia confertiflora
Corymbia_dallachiana_CANB_697829,Corymbia,dallachiana,,CANB,697829,,,,CANB_697829___,Corymbia dallachiana ,corymbia dallachiana
Corymbia_dampieri,Corymbia,dampieri,,,,,,,____,Corymbia dampieri ,corymbia dampieri
Corymbia_dendromerinx_CANB_644448,Corymbia,dendromerinx,,CANB,644448,,,,CANB_644448___,Corymbia dendromerinx ,corymbia dendromerinx
Corymbia_deserticola_subsp_deserticola_MC_11111,Corymbia,deserticola,deserticola,,,MC,11111,,__MC_11111_,Corymbia deserticola subsp. deserticola,corymbia deserticola subsp. deserticola
Corymbia_dichromophloia_MC_10528,Corymbia,dichromophloia,,MC,10528,,,,MC_10528___,Corymbia dichromophloia ,corymbia dichromophloia
Corymbia_dimorpha,Corymbia,dimorpha,,,,,,,____,Corymbia dimorpha ,corymbia dimorpha
Corymbia_dolichocarpa,Corymbia,dolichocarpa,,,,,,,____,Corymbia dolichocarpa ,corymbia dolichocarpa
Corymbia_dunlopiana_CANB_640209,Corymbia,dunlopiana,,CANB,640209,,,,CANB_640209___,Corymbia dunlopiana ,corymbia dunlopiana
Corymbia_ellipsoidea_Mt_Annan_904974,Corymbia,ellipsoidea,,Mt,Ann,904974,,,Mt_Ann_904974__,Corymbia ellipsoidea ,corymbia ellipsoidea
Corymbia_eremaea_subsp_eremaea_280,Corymbia,eremaea,eremaea,,,280,,,__280__,Corymbia eremaea subsp. eremaea,corymbia eremaea subsp. eremaea
Corymbia_erythrophloia_Mt_Annan_891984,Corymbia,erythrophloia,,Mt,Ann,891984,,,Mt_Ann_891984__,Corymbia erythrophloia ,corymbia erythrophloia
Corymbia_eximia_ANBG_62889,Corymbia,eximia,,ANBG,62889,,,,ANBG_62889___,Corymbia eximia ,corymbia eximia
Corymbia_ferriticola_MC_11117,Corymbia,ferriticola,,MC,11117,,,,MC_11117___,Corymbia ferriticola ,corymbia ferriticola
Corymbia_ferruginea_subsp_ferruginea_MC_10538,Corymbia,ferruginea,ferruginea,,,MC,10538,,__MC_10538_,Corymbia ferruginea subsp. ferruginea,corymbia ferruginea subsp. ferruginea
Corymbia_ficifolia_ANBG_c208,Corymbia,ficifolia,,ANBG,c208,,,,ANBG_c208___,Corymbia ficifolia ,corymbia ficifolia
Corymbia_flavescens_MC_10596,Corymbia,flavescens,,MC,10596,,,,MC_10596___,Corymbia flavescens ,corymbia flavescens
Corymbia_foelscheana_MC_10508,Corymbia,foelscheana,,MC,10508,,,,MC_10508___,Corymbia foelscheana ,corymbia foelscheana
Corymbia_gilbertensis_CANB_739029,Corymbia,gilbertensis,,CANB,739029,,,,CANB_739029___,Corymbia gilbertensis ,corymbia gilbertensis
Corymbia_grandifolia_CANB_739034,Corymbia,grandifolia,,CANB,739034,,,,CANB_739034___,Corymbia grandifolia ,corymbia grandifolia
Corymbia_greeniana_MC_10557,Corymbia,greeniana,,MC,10557,,,,MC_10557___,Corymbia greeniana ,corymbia greeniana
Corymbia_gummifera_680,Corymbia,gummifera,,680,,,,,680____,Corymbia gummifera ,corymbia gummifera
Corymbia_haematoxylon_380,Corymbia,haematoxylon,,380,,,,,380____,Corymbia haematoxylon ,corymbia haematoxylon
Corymbia_hamersleyana_MC_11116,Corymbia,hamersleyana,,MC,11116,,,,MC_11116___,Corymbia hamersleyana ,corymbia hamersleyana
Corymbia_hendersonii_252,Corymbia,hendersonii,,252,,,,,252____,Corymbia hendersonii ,corymbia hendersonii
Corymbia_henryi_ANBG_8910948,Corymbia,henryi,,ANBG,8910948,,,,ANBG_8910948___,Corymbia henryi ,corymbia henryi
Corymbia_hylandii_CANB_738922,Corymbia,hylandii,,CANB,738922,,,,CANB_738922___,Corymbia hylandii ,corymbia hylandii
Corymbia_intermedia_230,Corymbia,intermedia,,230,,,,,230____,Corymbia intermedia ,corymbia intermedia
Corymbia_jacobsiana_CANB_558528,Corymbia,jacobsiana,,CANB,558528,,,,CANB_558528___,Corymbia jacobsiana ,corymbia jacobsiana
Corymbia_lamprophylla_Mt_Annan_842093,Corymbia,lamprophylla,,Mt,Ann,842093,,,Mt_Ann_842093__,Corymbia lamprophylla ,corymbia lamprophylla
Corymbia_latifolia_CANB_785515,Corymbia,latifolia,,CANB,785515,,,,CANB_785515___,Corymbia latifolia ,corymbia latifolia
Corymbia_leichhardtii_Mt_Annan_891967,Corymbia,leichhardtii,,Mt,Ann,891967,,,Mt_Ann_891967__,Corymbia leichhardtii ,corymbia leichhardtii
Corymbia_lenziana_CANB_794064,Corymbia,lenziana,,CANB,794064,,,,CANB_794064___,Corymbia lenziana ,corymbia lenziana
Corymbia_leptoloma_694,Corymbia,leptoloma,,694,,,,,694____,Corymbia leptoloma ,corymbia leptoloma
Corymbia_ligans_subsp_ligans,Corymbia,ligans,ligans,,,,,,____,Corymbia ligans subsp. ligans,corymbia ligans subsp. ligans
Corymbia_maculata_ANBG_7800470,Corymbia,maculata,,ANBG,7800470,,,,ANBG_7800470___,Corymbia maculata ,corymbia maculata
Corymbia_nesophila_MC_10553,Corymbia,nesophila,,MC,10553,,,,MC_10553___,Corymbia nesophila ,corymbia nesophila
Corymbia_novaguineesis_CANB_738912,Corymbia,novaguineesis,,CANB,738912,,,,CANB_738912___,Corymbia novaguineesis ,corymbia novaguineesis
Corymbia_opaca,Corymbia,opaca,,,,,,,____,Corymbia opaca ,corymbia opaca
Corymbia_opacula,Corymbia,opacula,,,,,,,____,Corymbia opacula ,corymbia opacula
Corymbia_pachycarpa_CANB_785564,Corymbia,pachycarpa,,CANB,785564,,,,CANB_785564___,Corymbia pachycarpa ,corymbia pachycarpa
Corymbia_papillosa_CANB_564789,Corymbia,papillosa,,CANB,564789,,,,CANB_564789___,Corymbia papillosa ,corymbia papillosa
Corymbia_papuana_CANB_583122,Corymbia,papuana,,CANB,583122,,,,CANB_583122___,Corymbia papuana ,corymbia papuana
Corymbia_pauciseta_CANB_448845,Corymbia,pauciseta,,CANB,448845,,,,CANB_448845___,Corymbia pauciseta ,corymbia pauciseta
Corymbia_peltata_493,Corymbia,peltata,,493,,,,,493____,Corymbia peltata ,corymbia peltata
Corymbia_petalophylla_Mt_Annan_892019,Corymbia,petalophylla,,Mt,Ann,892019,,,Mt_Ann_892019__,Corymbia petalophylla ,corymbia petalophylla
Corymbia_plena_CANB_660150,Corymbia,plena,,CANB,660150,,,,CANB_660150___,Corymbia plena ,corymbia plena
Corymbia_polycarpa_CANB_785478,Corymbia,polycarpa,,CANB,785478,,,,CANB_785478___,Corymbia polycarpa ,corymbia polycarpa
Corymbia_polysciada_CANB_785479,Corymbia,polysciada,,CANB,785479,,,,CANB_785479___,Corymbia polysciada ,corymbia polysciada
Corymbia_porphyritica,Corymbia,porphyritica,,,,,,,____,Corymbia porphyritica ,corymbia porphyritica
Corymbia_porrecta_CANB_628340,Corymbia,porrecta,,CANB,628340,,,,CANB_628340___,Corymbia porrecta ,corymbia porrecta
Corymbia_ptychocarpa_subsp_ptychocarpa_MC_10536,Corymbia,ptychocarpa,ptychocarpa,,,MC,10536,,__MC_10536_,Corymbia ptychocarpa subsp. ptychocarpa,corymbia ptychocarpa subsp. ptychocarpa
Corymbia_rhodops_CANB_598277,Corymbia,rhodops,,CANB,598277,,,,CANB_598277___,Corymbia rhodops ,corymbia rhodops
Corymbia_scabrida_Mt_Annan_891868,Corymbia,scabrida,,Mt,Ann,891868,,,Mt_Ann_891868__,Corymbia scabrida ,corymbia scabrida
Corymbia_stockeri_subsp_stockeri_CANB_739042,Corymbia,stockeri,stockeri,,,CANB,739042,,__CANB_739042_,Corymbia stockeri subsp. stockeri,corymbia stockeri subsp. stockeri
Corymbia_terminalis_MC_10579,Corymbia,terminalis,,MC,10579,,,,MC_10579___,Corymbia terminalis ,corymbia terminalis
Corymbia_tessellaris_324,Corymbia,tessellaris,,324,,,,,324____,Corymbia tessellaris ,corymbia tessellaris
Corymbia_torelliana_Mt_Annan_981102,Corymbia,torelliana,,Mt,Ann,981102,,,Mt_Ann_981102__,Corymbia torelliana ,corymbia torelliana
Corymbia_torta_CANB_644409,Corymbia,torta,,CANB,644409,,,,CANB_644409___,Corymbia torta ,corymbia torta
Corymbia_trachyphloia_ANBG_60750,Corymbia,trachyphloia,,ANBG,60750,,,,ANBG_60750___,Corymbia trachyphloia ,corymbia trachyphloia
Corymbia_variegata,Corymbia,variegata,,,,,,,____,Corymbia variegata ,corymbia variegata
Corymbia_watsoniana_subsp_watsoniana_ANBG_68771,Corymbia,watsoniana,watsoniana,,,ANBG,68771,,__ANBG_68771_,Corymbia watsoniana subsp. watsoniana,corymbia watsoniana subsp. watsoniana
Corymbia_xanthope,Corymbia,xanthope,,,,,,,____,Corymbia xanthope ,corymbia xanthope
Corymbia_zygophylla_MC_10581,Corymbia,zygophylla,,MC,10581,,,,MC_10581___,Corymbia zygophylla ,corymbia zygophylla
Decaspermum_humile,Decaspermum,humile,,,,,,,____,Decaspermum humile ,decaspermum humile
Eucalyptopsis_alauda_CANB_704249,Eucalyptopsis,alauda,,CANB,704249,,,,CANB_704249___,Eucalyptopsis alauda ,eucalyptopsis alauda
Eucalyptopsis_papuana,Eucalyptopsis,papuana,,,,,,,____,Eucalyptopsis papuana ,eucalyptopsis papuana
Eucalyptus_abdita_CANB_687864,Eucalyptus,abdita,,CANB,687864,,,,CANB_687864___,Eucalyptus abdita ,eucalyptus abdita
Eucalyptus_absita_354,Eucalyptus,absita,,354,,,,,354____,Eucalyptus absita ,eucalyptus absita
Eucalyptus_acaciiformis_214,Eucalyptus,acaciiformis,,214,,,,,214____,Eucalyptus acaciiformis ,eucalyptus acaciiformis
Eucalyptus_accedens_346,Eucalyptus,accedens,,346,,,,,346____,Eucalyptus accedens ,eucalyptus accedens
Eucalyptus_acies_CANB_610687,Eucalyptus,acies,,CANB,610687,,,,CANB_610687___,Eucalyptus acies ,eucalyptus acies
Eucalyptus_acmenoides_624,Eucalyptus,acmenoides,,624,,,,,624____,Eucalyptus acmenoides ,eucalyptus acmenoides
Eucalyptus_acroleuca_CANB_593424,Eucalyptus,acroleuca,,CANB,593424,,,,CANB_593424___,Eucalyptus acroleuca ,eucalyptus acroleuca
Eucalyptus_aequioperta_23,Eucalyptus,aequioperta,,23,,,,,23____,Eucalyptus aequioperta ,eucalyptus aequioperta
Eucalyptus_agglomerata_673,Eucalyptus,agglomerata,,673,,,,,673____,Eucalyptus agglomerata ,eucalyptus agglomerata
Eucalyptus_aggregata_580,Eucalyptus,aggregata,,580,,,,,580____,Eucalyptus aggregata ,eucalyptus aggregata
Eucalyptus_alaticaulis_371,Eucalyptus,alaticaulis,,371,,,,,371____,Eucalyptus alaticaulis ,eucalyptus alaticaulis
Eucalyptus_alba,Eucalyptus,alba,,,,,,,____,Eucalyptus alba ,eucalyptus alba
Eucalyptus_albens_661,Eucalyptus,albens,,661,,,,,661____,Eucalyptus albens ,eucalyptus albens
Eucalyptus_albida_46,Eucalyptus,albida,,46,,,,,46____,Eucalyptus albida ,eucalyptus albida
Eucalyptus_albopurpurea_3,Eucalyptus,albopurpurea,,3,,,,,3____,Eucalyptus albopurpurea ,eucalyptus albopurpurea
Eucalyptus_alipes_53,Eucalyptus,alipes,,53,,,,,53____,Eucalyptus alipes ,eucalyptus alipes
Eucalyptus_alligatrix_subsp_alligatrix_167,Eucalyptus,alligatrix,alligatrix,,,167,,,__167__,Eucalyptus alligatrix subsp. alligatrix,eucalyptus alligatrix subsp. alligatrix
Eucalyptus_amplifolia_subsp_amplifolia_225,Eucalyptus,amplifolia,amplifolia,,,225,,,__225__,Eucalyptus amplifolia subsp. amplifolia,eucalyptus amplifolia subsp. amplifolia
Eucalyptus_amygdalina_CANB_481986,Eucalyptus,amygdalina,,CANB,481986,,,,CANB_481986___,Eucalyptus amygdalina ,eucalyptus amygdalina
Eucalyptus_ancophila_Mt_Annan_841467,Eucalyptus,ancophila,,Mt,Ann,841467,,,Mt_Ann_841467__,Eucalyptus ancophila ,eucalyptus ancophila
Eucalyptus_andrewsii_subsp_andrewsii_8410679,Eucalyptus,andrewsii,andrewsii,,,8410679,,,__8410679__,Eucalyptus andrewsii subsp. andrewsii,eucalyptus andrewsii subsp. andrewsii
Eucalyptus_angophoroides_158,Eucalyptus,angophoroides,,158,,,,,158____,Eucalyptus angophoroides ,eucalyptus angophoroides
Eucalyptus_angulosa_383,Eucalyptus,angulosa,,383,,,,,383____,Eucalyptus angulosa ,eucalyptus angulosa
Eucalyptus_angustissima_CANB_794337,Eucalyptus,angustissima,,CANB,794337,,,,CANB_794337___,Eucalyptus angustissima ,eucalyptus angustissima
Eucalyptus_annulata_CANB_794263,Eucalyptus,annulata,,CANB,794263,,,,CANB_794263___,Eucalyptus annulata ,eucalyptus annulata
Eucalyptus_apiculata_613,Eucalyptus,apiculata,,613,,,,,613____,Eucalyptus apiculata ,eucalyptus apiculata
Eucalyptus_apodophylla_subsp_provecta_CANB_7855329,Eucalyptus,apodophylla,provecta,,,CANB,7855329,,__CANB_7855329_,Eucalyptus apodophylla subsp. provecta,eucalyptus apodophylla subsp. provecta
Eucalyptus_apothalassica_721925,Eucalyptus,apothalassica,,721925,,,,,721925____,Eucalyptus apothalassica ,eucalyptus apothalassica
Eucalyptus_approximans_subsp_codonocarpa_69702,Eucalyptus,approximans,codonocarpa,,,69702,,,__69702__,Eucalyptus approximans subsp. codonocarpa,eucalyptus approximans subsp. codonocarpa
Eucalyptus_aquilina_CANB_459757,Eucalyptus,aquilina,,CANB,459757,,,,CANB_459757___,Eucalyptus aquilina ,eucalyptus aquilina
Eucalyptus_arachnae_518,Eucalyptus,arachnae,,518,,,,,518____,Eucalyptus arachnae ,eucalyptus arachnae
Eucalyptus_arborella_361,Eucalyptus,arborella,,361,,,,,361____,Eucalyptus arborella ,eucalyptus arborella
Eucalyptus_arenacea_MC_10652,Eucalyptus,arenacea,,MC,10652,,,,MC_10652___,Eucalyptus arenacea ,eucalyptus arenacea
Eucalyptus_argillacea_CANB_785537,Eucalyptus,argillacea,,CANB,785537,,,,CANB_785537___,Eucalyptus argillacea ,eucalyptus argillacea
Eucalyptus_argophloia_773,Eucalyptus,argophloia,,773,,,,,773____,Eucalyptus argophloia ,eucalyptus argophloia
Eucalyptus_argutifolia_AHT_E17,Eucalyptus,argutifolia,,AHT,E17,,,,AHT_E17___,Eucalyptus argutifolia ,eucalyptus argutifolia
Eucalyptus_argyphea_59,Eucalyptus,argyphea,,59,,,,,59____,Eucalyptus argyphea ,eucalyptus argyphea
Eucalyptus_aromaphloia_subsp_aromaphloia_CANB_564611,Eucalyptus,aromaphloia,aromaphloia,,,CANB,564611,,__CANB_564611_,Eucalyptus aromaphloia subsp. aromaphloia,eucalyptus aromaphloia subsp. aromaphloia
Eucalyptus_articulata_186,Eucalyptus,articulata,,186,,,,,186____,Eucalyptus articulata ,eucalyptus articulata
Eucalyptus_aspersa_297,Eucalyptus,aspersa,,297,,,,,297____,Eucalyptus aspersa ,eucalyptus aspersa
Eucalyptus_aspratilis_AHT_E18,Eucalyptus,aspratilis,,AHT,E18,,,,AHT_E18___,Eucalyptus aspratilis ,eucalyptus aspratilis
Eucalyptus_assimilans_269,Eucalyptus,assimilans,,269,,,,,269____,Eucalyptus assimilans ,eucalyptus assimilans
Eucalyptus_astringens_subsp_astringens_68,Eucalyptus,astringens,astringens,,,68,,,__68__,Eucalyptus astringens subsp. astringens,eucalyptus astringens subsp. astringens
Eucalyptus_atrata_8603434,Eucalyptus,atrata,,8603434,,,,,8603434____,Eucalyptus atrata ,eucalyptus atrata
Eucalyptus_badjensis_166,Eucalyptus,badjensis,,166,,,,,166____,Eucalyptus badjensis ,eucalyptus badjensis
Eucalyptus_baeuerlenii_7810671,Eucalyptus,baeuerlenii,,7810671,,,,,7810671____,Eucalyptus baeuerlenii ,eucalyptus baeuerlenii
Eucalyptus_baileyana_Mt_Annan_892003,Eucalyptus,baileyana,,Mt,Ann,892003,,,Mt_Ann_892003__,Eucalyptus baileyana ,eucalyptus baileyana
Eucalyptus_bakeri_567,Eucalyptus,bakeri,,567,,,,,567____,Eucalyptus bakeri ,eucalyptus bakeri
Eucalyptus_balanites_CANB_687715,Eucalyptus,balanites,,CANB,687715,,,,CANB_687715___,Eucalyptus balanites ,eucalyptus balanites
Eucalyptus_balanopelex_AHT_E22,Eucalyptus,balanopelex,,AHT,E22,,,,AHT_E22___,Eucalyptus balanopelex ,eucalyptus balanopelex
Eucalyptus_balladoniensis_subsp_balladoniensis_CANB_586833,Eucalyptus,balladoniensis,balladoniensis,,,CANB,586833,,__CANB_586833_,Eucalyptus balladoniensis subsp. balladoniensis,eucalyptus balladoniensis subsp. balladoniensis
Eucalyptus_barberi_600,Eucalyptus,barberi,,600,,,,,600____,Eucalyptus barberi ,eucalyptus barberi
Eucalyptus_baueriana_160,Eucalyptus,baueriana,,160,,,,,160____,Eucalyptus baueriana ,eucalyptus baueriana
Eucalyptus_baxteri_8701806,Eucalyptus,baxteri,,8701806,,,,,8701806____,Eucalyptus baxteri ,eucalyptus baxteri
Eucalyptus_beaniana_CANB_842071,Eucalyptus,beaniana,,CANB,842071,,,,CANB_842071___,Eucalyptus beaniana ,eucalyptus beaniana
Eucalyptus_beardiana_CANB_632554,Eucalyptus,beardiana,,CANB,632554,,,,CANB_632554___,Eucalyptus beardiana ,eucalyptus beardiana
Eucalyptus_behriana_646,Eucalyptus,behriana,,646,,,,,646____,Eucalyptus behriana ,eucalyptus behriana
Eucalyptus_bensonii_Mt_Annan_830911,Eucalyptus,bensonii,,Mt,Ann,830911,,,Mt_Ann_830911__,Eucalyptus bensonii ,eucalyptus bensonii
Eucalyptus_benthamii_423,Eucalyptus,benthamii,,423,,,,,423____,Eucalyptus benthamii ,eucalyptus benthamii
Eucalyptus_beyeriana_163,Eucalyptus,beyeriana,,163,,,,,163____,Eucalyptus beyeriana ,eucalyptus beyeriana
Eucalyptus_blakelyi_211,Eucalyptus,blakelyi,,211,,,,,211____,Eucalyptus blakelyi ,eucalyptus blakelyi
Eucalyptus_blaxellii_MC_11172,Eucalyptus,blaxellii,,MC,11172,,,,MC_11172___,Eucalyptus blaxellii ,eucalyptus blaxellii
Eucalyptus_blaxlandii_8001329,Eucalyptus,blaxlandii,,8001329,,,,,8001329____,Eucalyptus blaxlandii ,eucalyptus blaxlandii
Eucalyptus_boliviana_518876,Eucalyptus,boliviana,,518876,,,,,518876____,Eucalyptus boliviana ,eucalyptus boliviana
Eucalyptus_bosistoana_671,Eucalyptus,bosistoana,,671,,,,,671____,Eucalyptus bosistoana ,eucalyptus bosistoana
Eucalyptus_botryoides_304,Eucalyptus,botryoides,,304,,,,,304____,Eucalyptus botryoides ,eucalyptus botryoides
Eucalyptus_brachyandra_MC_10534,Eucalyptus,brachyandra,,MC,10534,,,,MC_10534___,Eucalyptus brachyandra ,eucalyptus brachyandra
Eucalyptus_brachycalyx_508,Eucalyptus,brachycalyx,,508,,,,,508____,Eucalyptus brachycalyx ,eucalyptus brachycalyx
Eucalyptus_brachycorys_266,Eucalyptus,brachycorys,,266,,,,,266____,Eucalyptus brachycorys ,eucalyptus brachycorys
Eucalyptus_brachyphylla_9807043,Eucalyptus,brachyphylla,,9807043,,,,,9807043____,Eucalyptus brachyphylla ,eucalyptus brachyphylla
Eucalyptus_brassiana_CANB_598285,Eucalyptus,brassiana,,CANB,598285,,,,CANB_598285___,Eucalyptus brassiana ,eucalyptus brassiana
Eucalyptus_brevifolia_CANB_785488,Eucalyptus,brevifolia,,CANB,785488,,,,CANB_785488___,Eucalyptus brevifolia ,eucalyptus brevifolia
Eucalyptus_brevipes_CANB_692658,Eucalyptus,brevipes,,CANB,692658,,,,CANB_692658___,Eucalyptus brevipes ,eucalyptus brevipes
Eucalyptus_brevistylis_393,Eucalyptus,brevistylis,,393,,,,,393____,Eucalyptus brevistylis ,eucalyptus brevistylis
Eucalyptus_bridgesiana_257,Eucalyptus,bridgesiana,,257,,,,,257____,Eucalyptus bridgesiana ,eucalyptus bridgesiana
Eucalyptus_brockwayi_474,Eucalyptus,brockwayi,,474,,,,,474____,Eucalyptus brockwayi ,eucalyptus brockwayi
Eucalyptus_brookeriana_subsp_brookeriana_617,Eucalyptus,brookeriana,brookeriana,,,617,,,__617__,Eucalyptus brookeriana subsp. brookeriana,eucalyptus brookeriana subsp. brookeriana
Eucalyptus_brunnea_619,Eucalyptus,brunnea,,619,,,,,619____,Eucalyptus brunnea ,eucalyptus brunnea
Eucalyptus_buprestium_CANB_632568,Eucalyptus,buprestium,,CANB,632568,,,,CANB_632568___,Eucalyptus buprestium ,eucalyptus buprestium
Eucalyptus_burdettiana_510,Eucalyptus,burdettiana,,510,,,,,510____,Eucalyptus burdettiana ,eucalyptus burdettiana
Eucalyptus_burgessiana_ANBG_no_sn,Eucalyptus,burgessiana,,ANBG,no,sn,,,ANBG_no_sn__,Eucalyptus burgessiana ,eucalyptus burgessiana
Eucalyptus_burracoppinensis_CANB_794037,Eucalyptus,burracoppinensis,,CANB,794037,,,,CANB_794037___,Eucalyptus burracoppinensis ,eucalyptus burracoppinensis
Eucalyptus_cadens_285,Eucalyptus,cadens,,285,,,,,285____,Eucalyptus cadens ,eucalyptus cadens
Eucalyptus_caesia_subsp_caesia_52,Eucalyptus,caesia,caesia,,,52,,,__52__,Eucalyptus caesia subsp. caesia,eucalyptus caesia subsp. caesia
Eucalyptus_calcareana_455,Eucalyptus,calcareana,,455,,,,,455____,Eucalyptus calcareana ,eucalyptus calcareana
Eucalyptus_calcicola_subsp_calcicola_176,Eucalyptus,calcicola,calcicola,,,176,,,__176__,Eucalyptus calcicola subsp. calcicola,eucalyptus calcicola subsp. calcicola
Eucalyptus_caleyi_subsp_caleyi_651,Eucalyptus,caleyi,caleyi,,,651,,,__651__,Eucalyptus caleyi subsp. caleyi,eucalyptus caleyi subsp. caleyi
Eucalyptus_caliginosa_298,Eucalyptus,caliginosa,,298,,,,,298____,Eucalyptus caliginosa ,eucalyptus caliginosa
Eucalyptus_calycogona_subsp_calycogona_362,Eucalyptus,calycogona,calycogona,,,362,,,__362__,Eucalyptus calycogona subsp. calycogona,eucalyptus calycogona subsp. calycogona
Eucalyptus_camaldulensis_subsp_camaldulensis_ANBG_8401853,Eucalyptus,camaldulensis,camaldulensis,,,ANBG,8401853,,__ANBG_8401853_,Eucalyptus camaldulensis subsp. camaldulensis,eucalyptus camaldulensis subsp. camaldulensis
Eucalyptus_campaspe_522,Eucalyptus,campaspe,,522,,,,,522____,Eucalyptus campaspe ,eucalyptus campaspe
Eucalyptus_camphora_subsp_camphora_621,Eucalyptus,camphora,camphora,,,621,,,__621__,Eucalyptus camphora subsp. camphora,eucalyptus camphora subsp. camphora
Eucalyptus_canaliculata_698,Eucalyptus,canaliculata,,698,,,,,698____,Eucalyptus canaliculata ,eucalyptus canaliculata
Eucalyptus_canescens_subsp_canescens_181,Eucalyptus,canescens,canescens,,,181,,,__181__,Eucalyptus canescens subsp. canescens,eucalyptus canescens subsp. canescens
Eucalyptus_canobolensis_497,Eucalyptus,canobolensis,,497,,,,,497____,Eucalyptus canobolensis ,eucalyptus canobolensis
Eucalyptus_capillosa_469,Eucalyptus,capillosa,,469,,,,,469____,Eucalyptus capillosa ,eucalyptus capillosa
Eucalyptus_capitellata_260,Eucalyptus,capitellata,,260,,,,,260____,Eucalyptus capitellata ,eucalyptus capitellata
Eucalyptus_captiosa_CANB_799340,Eucalyptus,captiosa,,CANB,799340,,,,CANB_799340___,Eucalyptus captiosa ,eucalyptus captiosa
Eucalyptus_carnabyi_CANB_632591,Eucalyptus,carnabyi,,CANB,632591,,,,CANB_632591___,Eucalyptus carnabyi ,eucalyptus carnabyi
Eucalyptus_carnea_718,Eucalyptus,carnea,,718,,,,,718____,Eucalyptus carnea ,eucalyptus carnea
Eucalyptus_carnei_757,Eucalyptus,carnei,,757,,,,,757____,Eucalyptus carnei ,eucalyptus carnei
Eucalyptus_castrensis_ANBG_653995,Eucalyptus,castrensis,,ANBG,653995,,,,ANBG_653995___,Eucalyptus castrensis ,eucalyptus castrensis
Eucalyptus_celastroides_subsp_celastroides_196,Eucalyptus,celastroides,celastroides,,,196,,,__196__,Eucalyptus celastroides subsp. celastroides,eucalyptus celastroides subsp. celastroides
Eucalyptus_cephalocarpa_178,Eucalyptus,cephalocarpa,,178,,,,,178____,Eucalyptus cephalocarpa ,eucalyptus cephalocarpa
Eucalyptus_ceracea_CANB_551306,Eucalyptus,ceracea,,CANB,551306,,,,CANB_551306___,Eucalyptus ceracea ,eucalyptus ceracea
Eucalyptus_cerasiformis_CANB_586828,Eucalyptus,cerasiformis,,CANB,586828,,,,CANB_586828___,Eucalyptus cerasiformis ,eucalyptus cerasiformis
Eucalyptus_ceratocorys_519,Eucalyptus,ceratocorys,,519,,,,,519____,Eucalyptus ceratocorys ,eucalyptus ceratocorys
Eucalyptus_cernua_436,Eucalyptus,cernua,,436,,,,,436____,Eucalyptus cernua ,eucalyptus cernua
Eucalyptus_chartaboma_CANB_703248,Eucalyptus,chartaboma,,CANB,703248,,,,CANB_703248___,Eucalyptus chartaboma ,eucalyptus chartaboma
Eucalyptus_chlorophylla_CANB_785565,Eucalyptus,chlorophylla,,CANB,785565,,,,CANB_785565___,Eucalyptus chlorophylla ,eucalyptus chlorophylla
Eucalyptus_cinerea_subsp_triplex_8703938,Eucalyptus,cinerea,triplex,,,8703938,,,__8703938__,Eucalyptus cinerea subsp. triplex,eucalyptus cinerea subsp. triplex
Eucalyptus_cladocalyx_ANBG_652722,Eucalyptus,cladocalyx,,ANBG,652722,,,,ANBG_652722___,Eucalyptus cladocalyx ,eucalyptus cladocalyx
Eucalyptus_clelandii_581,Eucalyptus,clelandii,,581,,,,,581____,Eucalyptus clelandii ,eucalyptus clelandii
Eucalyptus_clivicola_66,Eucalyptus,clivicola,,66,,,,,66____,Eucalyptus clivicola ,eucalyptus clivicola
Eucalyptus_cloeziana_241,Eucalyptus,cloeziana,,241,,,,,241____,Eucalyptus cloeziana ,eucalyptus cloeziana
Eucalyptus_cneorifolia_195,Eucalyptus,cneorifolia,,195,,,,,195____,Eucalyptus cneorifolia ,eucalyptus cneorifolia
Eucalyptus_comitae_vallis_465,Eucalyptus,comitae,,vallis,465,,,,vallis_465___,Eucalyptus comitae ,eucalyptus comitae
Eucalyptus_communalis_502,Eucalyptus,communalis,,502,,,,,502____,Eucalyptus communalis ,eucalyptus communalis
Eucalyptus_concinna_457,Eucalyptus,concinna,,457,,,,,457____,Eucalyptus concinna ,eucalyptus concinna
Eucalyptus_conferruminata_subsp_recherche_114,Eucalyptus,conferruminata,recherche,,,114,,,__114__,Eucalyptus conferruminata subsp. recherche,eucalyptus conferruminata subsp. recherche
Eucalyptus_confluens_CANB_785543,Eucalyptus,confluens,,CANB,785543,,,,CANB_785543___,Eucalyptus confluens ,eucalyptus confluens
Eucalyptus_conglobata_subsp_conglobata_5,Eucalyptus,conglobata,conglobata,,,5,,,__5__,Eucalyptus conglobata subsp. conglobata,eucalyptus conglobata subsp. conglobata
Eucalyptus_conglomerata,Eucalyptus,conglomerata,,,,,,,____,Eucalyptus conglomerata ,eucalyptus conglomerata
Eucalyptus_conica_AHT_E9,Eucalyptus,conica,,AHT,E9,,,,AHT_E9___,Eucalyptus conica ,eucalyptus conica
Eucalyptus_consideniana_219,Eucalyptus,consideniana,,219,,,,,219____,Eucalyptus consideniana ,eucalyptus consideniana
Eucalyptus_conspicua_113,Eucalyptus,conspicua,,113,,,,,113____,Eucalyptus conspicua ,eucalyptus conspicua
Eucalyptus_conveniens_48,Eucalyptus,conveniens,,48,,,,,48____,Eucalyptus conveniens ,eucalyptus conveniens
Eucalyptus_coolabah_MC_10582,Eucalyptus,coolabah,,MC,10582,,,,MC_10582___,Eucalyptus coolabah ,eucalyptus coolabah
Eucalyptus_cooperiana_293,Eucalyptus,cooperiana,,293,,,,,293____,Eucalyptus cooperiana ,eucalyptus cooperiana
Eucalyptus_cordata_ANBG_8804430,Eucalyptus,cordata,,ANBG,8804430,,,,ANBG_8804430___,Eucalyptus cordata ,eucalyptus cordata
Eucalyptus_cornuta_65,Eucalyptus,cornuta,,65,,,,,65____,Eucalyptus cornuta ,eucalyptus cornuta
Eucalyptus_coronata_658,Eucalyptus,coronata,,658,,,,,658____,Eucalyptus coronata ,eucalyptus coronata
Eucalyptus_corrugata_7,Eucalyptus,corrugata,,7,,,,,7____,Eucalyptus corrugata ,eucalyptus corrugata
Eucalyptus_corticosa_ANBG_54339,Eucalyptus,corticosa,,ANBG,54339,,,,ANBG_54339___,Eucalyptus corticosa ,eucalyptus corticosa
Eucalyptus_cosmophylla_ANBG_8409259,Eucalyptus,cosmophylla,,ANBG,8409259,,,,ANBG_8409259___,Eucalyptus cosmophylla ,eucalyptus cosmophylla
Eucalyptus_crebra_ANBG_732903,Eucalyptus,crebra,,ANBG,732903,,,,ANBG_732903___,Eucalyptus crebra ,eucalyptus crebra
Eucalyptus_crenulata_307,Eucalyptus,crenulata,,307,,,,,307____,Eucalyptus crenulata ,eucalyptus crenulata
Eucalyptus_creta_29,Eucalyptus,creta,,29,,,,,29____,Eucalyptus creta ,eucalyptus creta
Eucalyptus_cretata_271,Eucalyptus,cretata,,271,,,,,271____,Eucalyptus cretata ,eucalyptus cretata
Eucalyptus_croajingolensis_156,Eucalyptus,croajingolensis,,156,,,,,156____,Eucalyptus croajingolensis ,eucalyptus croajingolensis
Eucalyptus_crucis_subsp_crucis_45,Eucalyptus,crucis,crucis,,,45,,,__45__,Eucalyptus crucis subsp. crucis,eucalyptus crucis subsp. crucis
Eucalyptus_cunninghamii_9806132,Eucalyptus,cunninghamii,,9806132,,,,,9806132____,Eucalyptus cunninghamii ,eucalyptus cunninghamii
Eucalyptus_cuprea_437,Eucalyptus,cuprea,,437,,,,,437____,Eucalyptus cuprea ,eucalyptus cuprea
Eucalyptus_cupularis_CANB_785563,Eucalyptus,cupularis,,CANB,785563,,,,CANB_785563___,Eucalyptus cupularis ,eucalyptus cupularis
Eucalyptus_curtisii_632,Eucalyptus,curtisii,,632,,,,,632____,Eucalyptus curtisii ,eucalyptus curtisii
Eucalyptus_cuspidata_6,Eucalyptus,cuspidata,,6,,,,,6____,Eucalyptus cuspidata ,eucalyptus cuspidata
Eucalyptus_cyanophylla_338,Eucalyptus,cyanophylla,,338,,,,,338____,Eucalyptus cyanophylla ,eucalyptus cyanophylla
Eucalyptus_cyclostoma_9903101,Eucalyptus,cyclostoma,,9903101,,,,,9903101____,Eucalyptus cyclostoma ,eucalyptus cyclostoma
Eucalyptus_cylindriflora_CANB_794327,Eucalyptus,cylindriflora,,CANB,794327,,,,CANB_794327___,Eucalyptus cylindriflora ,eucalyptus cylindriflora
Eucalyptus_cylindrocarpa_AHT_E8,Eucalyptus,cylindrocarpa,,AHT,E8,,,,AHT_E8___,Eucalyptus cylindrocarpa ,eucalyptus cylindrocarpa
Eucalyptus_cypellocarpa_665,Eucalyptus,cypellocarpa,,665,,,,,665____,Eucalyptus cypellocarpa ,eucalyptus cypellocarpa
Eucalyptus_dalrympleana_subsp_dalrympleana_ANBG_7804378,Eucalyptus,dalrympleana,dalrympleana,,,ANBG,7804378,,__ANBG_7804378_,Eucalyptus dalrympleana subsp. dalrympleana,eucalyptus dalrympleana subsp. dalrympleana
Eucalyptus_dawsonii_762,Eucalyptus,dawsonii,,762,,,,,762____,Eucalyptus dawsonii ,eucalyptus dawsonii
Eucalyptus_dealbata_212,Eucalyptus,dealbata,,212,,,,,212____,Eucalyptus dealbata ,eucalyptus dealbata
Eucalyptus_deanei_623,Eucalyptus,deanei,,623,,,,,623____,Eucalyptus deanei ,eucalyptus deanei
Eucalyptus_decipiens_subsp_decipens_72,Eucalyptus,decipiens,decipens,,,72,,,__72__,Eucalyptus decipiens subsp. decipens,eucalyptus decipiens subsp. decipens
Eucalyptus_decolor_486,Eucalyptus,decolor,,486,,,,,486____,Eucalyptus decolor ,eucalyptus decolor
Eucalyptus_decorticans_73445,Eucalyptus,decorticans,,73445,,,,,73445____,Eucalyptus decorticans ,eucalyptus decorticans
Eucalyptus_decurva_MC_10965,Eucalyptus,decurva,,MC,10965,,,,MC_10965___,Eucalyptus decurva ,eucalyptus decurva
Eucalyptus_deflexa_364,Eucalyptus,deflexa,,364,,,,,364____,Eucalyptus deflexa ,eucalyptus deflexa
Eucalyptus_deglupta_BG_859,Eucalyptus,deglupta,,BG,859,,,,BG_859___,Eucalyptus deglupta ,eucalyptus deglupta
Eucalyptus_delegatensis_subsp_delegatensis_CANB_499445,Eucalyptus,delegatensis,delegatensis,,,CANB,499445,,__CANB_499445_,Eucalyptus delegatensis subsp. delegatensis,eucalyptus delegatensis subsp. delegatensis
Eucalyptus_delicata_514,Eucalyptus,delicata,,514,,,,,514____,Eucalyptus delicata ,eucalyptus delicata
Eucalyptus_densa_subsp_densa_363,Eucalyptus,densa,densa,,,363,,,__363__,Eucalyptus densa subsp. densa,eucalyptus densa subsp. densa
Eucalyptus_denticulata_378,Eucalyptus,denticulata,,378,,,,,378____,Eucalyptus denticulata ,eucalyptus denticulata
Eucalyptus_depauperata_CANB_794299,Eucalyptus,depauperata,,CANB,794299,,,,CANB_794299___,Eucalyptus depauperata ,eucalyptus depauperata
Eucalyptus_desmondensis_515,Eucalyptus,desmondensis,,515,,,,,515____,Eucalyptus desmondensis ,eucalyptus desmondensis
Eucalyptus_deuaensis_151,Eucalyptus,deuaensis,,151,,,,,151____,Eucalyptus deuaensis ,eucalyptus deuaensis
Eucalyptus_dielsii_74,Eucalyptus,dielsii,,74,,,,,74____,Eucalyptus dielsii ,eucalyptus dielsii
Eucalyptus_diminuta_438,Eucalyptus,diminuta,,438,,,,,438____,Eucalyptus diminuta ,eucalyptus diminuta
Eucalyptus_diptera_535,Eucalyptus,diptera,,535,,,,,535____,Eucalyptus diptera ,eucalyptus diptera
Eucalyptus_disclusa_232,Eucalyptus,disclusa,,232,,,,,232____,Eucalyptus disclusa ,eucalyptus disclusa
Eucalyptus_discreta_333,Eucalyptus,discreta,,333,,,,,333____,Eucalyptus discreta ,eucalyptus discreta
Eucalyptus_dissimulata_89,Eucalyptus,dissimulata,,89,,,,,89____,Eucalyptus dissimulata ,eucalyptus dissimulata
Eucalyptus_distans_CANB_409167,Eucalyptus,distans,,CANB,409167,,,,CANB_409167___,Eucalyptus distans ,eucalyptus distans
Eucalyptus_distuberosa_subsp_aerata_10,Eucalyptus,distuberosa,aerata,,,10,,,__10__,Eucalyptus distuberosa subsp. aerata,eucalyptus distuberosa subsp. aerata
Eucalyptus_diversicolor_ANBG_7901541,Eucalyptus,diversicolor,,ANBG,7901541,,,,ANBG_7901541___,Eucalyptus diversicolor ,eucalyptus diversicolor
Eucalyptus_diversifolia_subsp_diversifolia_390,Eucalyptus,diversifolia,diversifolia,,,390,,,__390__,Eucalyptus diversifolia subsp. diversifolia,eucalyptus diversifolia subsp. diversifolia
Eucalyptus_dives_ANBG_7809979,Eucalyptus,dives,,ANBG,7809979,,,,ANBG_7809979___,Eucalyptus dives ,eucalyptus dives
Eucalyptus_dolichocera_710,Eucalyptus,dolichocera,,710,,,,,710____,Eucalyptus dolichocera ,eucalyptus dolichocera
Eucalyptus_dolichorhyncha_192,Eucalyptus,dolichorhyncha,,192,,,,,192____,Eucalyptus dolichorhyncha ,eucalyptus dolichorhyncha
Eucalyptus_dolorosa_610751,Eucalyptus,dolorosa,,610751,,,,,610751____,Eucalyptus dolorosa ,eucalyptus dolorosa
Eucalyptus_dorotoxylon_719,Eucalyptus,dorotoxylon,,719,,,,,719____,Eucalyptus dorotoxylon ,eucalyptus dorotoxylon
Eucalyptus_drummondii_subsp_drummondii_352,Eucalyptus,drummondii,drummondii,,,352,,,__352__,Eucalyptus drummondii subsp. drummondii,eucalyptus drummondii subsp. drummondii
Eucalyptus_dumosa_329,Eucalyptus,dumosa,,329,,,,,329____,Eucalyptus dumosa ,eucalyptus dumosa
Eucalyptus_dundasii_528,Eucalyptus,dundasii,,528,,,,,528____,Eucalyptus dundasii ,eucalyptus dundasii
Eucalyptus_dunnii_691,Eucalyptus,dunnii,,691,,,,,691____,Eucalyptus dunnii ,eucalyptus dunnii
Eucalyptus_dura_775,Eucalyptus,dura,,775,,,,,775____,Eucalyptus dura ,eucalyptus dura
Eucalyptus_dwyeri_9406593,Eucalyptus,dwyeri,,9406593,,,,,9406593____,Eucalyptus dwyeri ,eucalyptus dwyeri
Eucalyptus_ebbanoensis_subsp_ebbanoensis_ANBG_9806509,Eucalyptus,ebbanoensis,ebbanoensis,,,ANBG,9806509,,__ANBG_9806509_,Eucalyptus ebbanoensis subsp. ebbanoensis,eucalyptus ebbanoensis subsp. ebbanoensis
Eucalyptus_educta_CANB_461013,Eucalyptus,educta,,CANB,461013,,,,CANB_461013___,Eucalyptus educta ,eucalyptus educta
Eucalyptus_effusa_subsp_effusa_39,Eucalyptus,effusa,effusa,,,39,,,__39__,Eucalyptus effusa subsp. effusa,eucalyptus effusa subsp. effusa
Eucalyptus_elaeophloia_372,Eucalyptus,elaeophloia,,372,,,,,372____,Eucalyptus elaeophloia ,eucalyptus elaeophloia
Eucalyptus_elata_ANBG_73059,Eucalyptus,elata,,ANBG,73059,,,,ANBG_73059___,Eucalyptus elata ,eucalyptus elata
Eucalyptus_elliptica_69616,Eucalyptus,elliptica,,69616,,,,,69616____,Eucalyptus elliptica ,eucalyptus elliptica
Eucalyptus_erectifolia_CANB_794270,Eucalyptus,erectifolia,,CANB,794270,,,,CANB_794270___,Eucalyptus erectifolia ,eucalyptus erectifolia
Eucalyptus_eremicola_subsp_eremicola_542,Eucalyptus,eremicola,eremicola,,,542,,,__542__,Eucalyptus eremicola subsp. eremicola,eucalyptus eremicola subsp. eremicola
Eucalyptus_eremophila_CANB_794301,Eucalyptus,eremophila,,CANB,794301,,,,CANB_794301___,Eucalyptus eremophila ,eucalyptus eremophila
Eucalyptus_erythrocorys,Eucalyptus,erythrocorys,,,,,,,____,Eucalyptus erythrocorys ,eucalyptus erythrocorys
Eucalyptus_erythronema_subsp_erythronema_19,Eucalyptus,erythronema,erythronema,,,19,,,__19__,Eucalyptus erythronema subsp. erythronema,eucalyptus erythronema subsp. erythronema
Eucalyptus_eudesmioides_subsp_eudesmioides_MC_10780,Eucalyptus,eudesmioides,eudesmioides,,,MC,10780,,__MC_10780_,Eucalyptus eudesmioides subsp. eudesmioides,eucalyptus eudesmioides subsp. eudesmioides
Eucalyptus_eugenioides_578,Eucalyptus,eugenioides,,578,,,,,578____,Eucalyptus eugenioides ,eucalyptus eugenioides
Eucalyptus_ewartiana_463,Eucalyptus,ewartiana,,463,,,,,463____,Eucalyptus ewartiana ,eucalyptus ewartiana
Eucalyptus_exigua_55,Eucalyptus,exigua,,55,,,,,55____,Eucalyptus exigua ,eucalyptus exigua
Eucalyptus_exilipes_CANB_582959,Eucalyptus,exilipes,,CANB,582959,,,,CANB_582959___,Eucalyptus exilipes ,eucalyptus exilipes
Eucalyptus_exilis_ANBG_8004906,Eucalyptus,exilis,,ANBG,8004906,,,,ANBG_8004906___,Eucalyptus exilis ,eucalyptus exilis
Eucalyptus_extensa_33,Eucalyptus,extensa,,33,,,,,33____,Eucalyptus extensa ,eucalyptus extensa
Eucalyptus_extrica_CANB_632680,Eucalyptus,extrica,,CANB,632680,,,,CANB_632680___,Eucalyptus extrica ,eucalyptus extrica
Eucalyptus_falcata_CANB_630597,Eucalyptus,falcata,,CANB,630597,,,,CANB_630597___,Eucalyptus falcata ,eucalyptus falcata
Eucalyptus_famelica_AHT_E23,Eucalyptus,famelica,,AHT,E23,,,,AHT_E23___,Eucalyptus famelica ,eucalyptus famelica
Eucalyptus_farinosa_CANB_738929,Eucalyptus,farinosa,,CANB,738929,,,,CANB_738929___,Eucalyptus farinosa ,eucalyptus farinosa
Eucalyptus_fasciculosa_289,Eucalyptus,fasciculosa,,289,,,,,289____,Eucalyptus fasciculosa ,eucalyptus fasciculosa
Eucalyptus_fastigata_8603812,Eucalyptus,fastigata,,8603812,,,,,8603812____,Eucalyptus fastigata ,eucalyptus fastigata
Eucalyptus_fergusonii_subsp_fergusonii_740,Eucalyptus,fergusonii,fergusonii,,,740,,,__740__,Eucalyptus fergusonii subsp. fergusonii,eucalyptus fergusonii subsp. fergusonii
Eucalyptus_fibrosa_subsp_fibrosa_631932,Eucalyptus,fibrosa,fibrosa,,,631932,,,__631932__,Eucalyptus fibrosa subsp. fibrosa,eucalyptus fibrosa subsp. fibrosa
Eucalyptus_flindersii_AHT_E6,Eucalyptus,flindersii,,AHT,E6,,,,AHT_E6___,Eucalyptus flindersii ,eucalyptus flindersii
Eucalyptus_flocktoniae_subsp_flocktoniae_288,Eucalyptus,flocktoniae,flocktoniae,,,288,,,__288__,Eucalyptus flocktoniae subsp. flocktoniae,eucalyptus flocktoniae subsp. flocktoniae
Eucalyptus_foecunda_320,Eucalyptus,foecunda,,320,,,,,320____,Eucalyptus foecunda ,eucalyptus foecunda
Eucalyptus_foliosa_CANB_794339,Eucalyptus,foliosa,,CANB,794339,,,,CANB_794339___,Eucalyptus foliosa ,eucalyptus foliosa
Eucalyptus_formanii_AHT_E26,Eucalyptus,formanii,,AHT,E26,,,,AHT_E26___,Eucalyptus formanii ,eucalyptus formanii
Eucalyptus_forrestiana_MC_11265,Eucalyptus,forrestiana,,MC,11265,,,,MC_11265___,Eucalyptus forrestiana ,eucalyptus forrestiana
Eucalyptus_fraseri_subsp_fraseri_36,Eucalyptus,fraseri,fraseri,,,36,,,__36__,Eucalyptus fraseri subsp. fraseri,eucalyptus fraseri subsp. fraseri
Eucalyptus_fraxinoides_751650,Eucalyptus,fraxinoides,,751650,,,,,751650____,Eucalyptus fraxinoides ,eucalyptus fraxinoides
Eucalyptus_frenchiana_11,Eucalyptus,frenchiana,,11,,,,,11____,Eucalyptus frenchiana ,eucalyptus frenchiana
Eucalyptus_froggattii_479,Eucalyptus,froggattii,,479,,,,,479____,Eucalyptus froggattii ,eucalyptus froggattii
Eucalyptus_fruticosa_30,Eucalyptus,fruticosa,,30,,,,,30____,Eucalyptus fruticosa ,eucalyptus fruticosa
Eucalyptus_fulgens_9707943,Eucalyptus,fulgens,,9707943,,,,,9707943____,Eucalyptus fulgens ,eucalyptus fulgens
Eucalyptus_fusiformis_8604718,Eucalyptus,fusiformis,,8604718,,,,,8604718____,Eucalyptus fusiformis ,eucalyptus fusiformis
Eucalyptus_gamophylla_MC_10612,Eucalyptus,gamophylla,,MC,10612,,,,MC_10612___,Eucalyptus gamophylla ,eucalyptus gamophylla
Eucalyptus_gardneri_subsp_gardneri_593,Eucalyptus,gardneri,gardneri,,,593,,,__593__,Eucalyptus gardneri subsp. gardneri,eucalyptus gardneri subsp. gardneri
Eucalyptus_georgei_subsp_georgei_323,Eucalyptus,georgei,georgei,,,323,,,__323__,Eucalyptus georgei subsp. georgei,eucalyptus georgei subsp. georgei
Eucalyptus_gigantangion_CANB_454615,Eucalyptus,gigantangion,,CANB,454615,,,,CANB_454615___,Eucalyptus gigantangion ,eucalyptus gigantangion
Eucalyptus_gillenii_720,Eucalyptus,gillenii,,720,,,,,720____,Eucalyptus gillenii ,eucalyptus gillenii
Eucalyptus_gillii_459,Eucalyptus,gillii,,459,,,,,459____,Eucalyptus gillii ,eucalyptus gillii
Eucalyptus_gittinsii_subsp_gittinsii_MC_10801,Eucalyptus,gittinsii,gittinsii,,,MC,10801,,__MC_10801_,Eucalyptus gittinsii subsp. gittinsii,eucalyptus gittinsii subsp. gittinsii
Eucalyptus_glaucescens_218,Eucalyptus,glaucescens,,218,,,,,218____,Eucalyptus glaucescens ,eucalyptus glaucescens
Eucalyptus_glaucina_626,Eucalyptus,glaucina,,626,,,,,626____,Eucalyptus glaucina ,eucalyptus glaucina
Eucalyptus_globoidea_729,Eucalyptus,globoidea,,729,,,,,729____,Eucalyptus globoidea ,eucalyptus globoidea
Eucalyptus_globulus_subsp_globulus_ANBG_85001816,Eucalyptus,globulus,globulus,,,ANBG,85001816,,__ANBG_85001816_,Eucalyptus globulus subsp. globulus,eucalyptus globulus subsp. globulus
Eucalyptus_glomerosa_538,Eucalyptus,glomerosa,,538,,,,,538____,Eucalyptus glomerosa ,eucalyptus glomerosa
Eucalyptus_gomphocephala_357,Eucalyptus,gomphocephala,,357,,,,,357____,Eucalyptus gomphocephala ,eucalyptus gomphocephala
Eucalyptus_gongylocarpa_MC_11097,Eucalyptus,gongylocarpa,,MC,11097,,,,MC_11097___,Eucalyptus gongylocarpa ,eucalyptus gongylocarpa
Eucalyptus_goniantha_subsp_goniantha_286,Eucalyptus,goniantha,goniantha,,,286,,,__286__,Eucalyptus goniantha subsp. goniantha,eucalyptus goniantha subsp. goniantha
Eucalyptus_goniocalyx_subsp_goniocalyx_669,Eucalyptus,goniocalyx,goniocalyx,,,669,,,__669__,Eucalyptus goniocalyx subsp. goniocalyx,eucalyptus goniocalyx subsp. goniocalyx
Eucalyptus_goniocarpa_536,Eucalyptus,goniocarpa,,536,,,,,536____,Eucalyptus goniocarpa ,eucalyptus goniocarpa
Eucalyptus_gracilis_202,Eucalyptus,gracilis,,202,,,,,202____,Eucalyptus gracilis ,eucalyptus gracilis
Eucalyptus_grandis,Eucalyptus,grandis,,,,,,,____,Eucalyptus grandis ,eucalyptus grandis
Eucalyptus_granitica_Mt_Annan_831413,Eucalyptus,granitica,,Mt,Ann,831413,,,Mt_Ann_831413__,Eucalyptus granitica ,eucalyptus granitica
Eucalyptus_gregoriensis_503,Eucalyptus,gregoriensis,,503,,,,,503____,Eucalyptus gregoriensis ,eucalyptus gregoriensis
Eucalyptus_gregsoniana_157,Eucalyptus,gregsoniana,,157,,,,,157____,Eucalyptus gregsoniana ,eucalyptus gregsoniana
Eucalyptus_griffithsii_15,Eucalyptus,griffithsii,,15,,,,,15____,Eucalyptus griffithsii ,eucalyptus griffithsii
Eucalyptus_grisea_690,Eucalyptus,grisea,,690,,,,,690____,Eucalyptus grisea ,eucalyptus grisea
Eucalyptus_grossa_CANB_794307,Eucalyptus,grossa,,CANB,794307,,,,CANB_794307___,Eucalyptus grossa ,eucalyptus grossa
Eucalyptus_guilfoylei_MC_10953,Eucalyptus,guilfoylei,,MC,10953,,,,MC_10953___,Eucalyptus guilfoylei ,eucalyptus guilfoylei
Eucalyptus_gunnii_ANBG_656505,Eucalyptus,gunnii,,ANBG,656505,,,,ANBG_656505___,Eucalyptus gunnii ,eucalyptus gunnii
Eucalyptus_gypsophila_543,Eucalyptus,gypsophila,,543,,,,,543____,Eucalyptus gypsophila ,eucalyptus gypsophila
Eucalyptus_haemastoma_Mt_Annan_20051000,Eucalyptus,haemastoma,,Mt,Ann,20051000,,,Mt_Ann_20051000__,Eucalyptus haemastoma ,eucalyptus haemastoma
Eucalyptus_hallii,Eucalyptus,hallii,,,,,,,____,Eucalyptus hallii ,eucalyptus hallii
Eucalyptus_halophila_CANB_794338,Eucalyptus,halophila,,CANB,794338,,,,CANB_794338___,Eucalyptus halophila ,eucalyptus halophila
Eucalyptus_hebetifolia_467228,Eucalyptus,hebetifolia,,467228,,,,,467228____,Eucalyptus hebetifolia ,eucalyptus hebetifolia
Eucalyptus_herbertiana_CANB_785524,Eucalyptus,herbertiana,,CANB,785524,,,,CANB_785524___,Eucalyptus herbertiana ,eucalyptus herbertiana
Eucalyptus_histophylla_12,Eucalyptus,histophylla,,12,,,,,12____,Eucalyptus histophylla ,eucalyptus histophylla
Eucalyptus_horistes_353,Eucalyptus,horistes,,353,,,,,353____,Eucalyptus horistes ,eucalyptus horistes
Eucalyptus_houseana_MC_10570,Eucalyptus,houseana,,MC,10570,,,,MC_10570___,Eucalyptus houseana ,eucalyptus houseana
Eucalyptus_howittiana_496,Eucalyptus,howittiana,,496,,,,,496____,Eucalyptus howittiana ,eucalyptus howittiana
Eucalyptus_hypolaena_525,Eucalyptus,hypolaena,,525,,,,,525____,Eucalyptus hypolaena ,eucalyptus hypolaena
Eucalyptus_ignorabilis_379,Eucalyptus,ignorabilis,,379,,,,,379____,Eucalyptus ignorabilis ,eucalyptus ignorabilis
Eucalyptus_imlayensis_ANBG_782689,Eucalyptus,imlayensis,,ANBG,782689,,,,ANBG_782689___,Eucalyptus imlayensis ,eucalyptus imlayensis
Eucalyptus_impensa_643,Eucalyptus,impensa,,643,,,,,643____,Eucalyptus impensa ,eucalyptus impensa
Eucalyptus_incerata_728,Eucalyptus,incerata,,728,,,,,728____,Eucalyptus incerata ,eucalyptus incerata
Eucalyptus_incrassata_283,Eucalyptus,incrassata,,283,,,,,283____,Eucalyptus incrassata ,eucalyptus incrassata
Eucalyptus_indurata_81,Eucalyptus,indurata,,81,,,,,81____,Eucalyptus indurata ,eucalyptus indurata
Eucalyptus_infera_570,Eucalyptus,infera,,570,,,,,570____,Eucalyptus infera ,eucalyptus infera
Eucalyptus_insularis_275,Eucalyptus,insularis,,275,,,,,275____,Eucalyptus insularis ,eucalyptus insularis
Eucalyptus_interstans_256,Eucalyptus,interstans,,256,,,,,256____,Eucalyptus interstans ,eucalyptus interstans
Eucalyptus_intertexta_204,Eucalyptus,intertexta,,204,,,,,204____,Eucalyptus intertexta ,eucalyptus intertexta
Eucalyptus_jacksonii_MC_10952,Eucalyptus,jacksonii,,MC,10952,,,,MC_10952___,Eucalyptus jacksonii ,eucalyptus jacksonii
Eucalyptus_jimberlanica_16,Eucalyptus,jimberlanica,,16,,,,,16____,Eucalyptus jimberlanica ,eucalyptus jimberlanica
Eucalyptus_johnsoniana_CANB_794214,Eucalyptus,johnsoniana,,CANB,794214,,,,CANB_794214___,Eucalyptus johnsoniana ,eucalyptus johnsoniana
Eucalyptus_jucunda_MC_10796,Eucalyptus,jucunda,,MC,10796,,,,MC_10796___,Eucalyptus jucunda ,eucalyptus jucunda
Eucalyptus_jutsonii_subsp_jutsonii_187,Eucalyptus,jutsonii,jutsonii,,,187,,,__187__,Eucalyptus jutsonii subsp. jutsonii,eucalyptus jutsonii subsp. jutsonii
Eucalyptus_kartzoffiana_152,Eucalyptus,kartzoffiana,,152,,,,,152____,Eucalyptus kartzoffiana ,eucalyptus kartzoffiana
Eucalyptus_kessellii_subsp_kessellii_343,Eucalyptus,kessellii,kessellii,,,343,,,__343__,Eucalyptus kessellii subsp. kessellii,eucalyptus kessellii subsp. kessellii
Eucalyptus_kingsmillii_subsp_kingsmillii_Mt_Annan_866008,Eucalyptus,kingsmillii,kingsmillii,,,Mt,Ann,866008,__Mt_Ann_866008,Eucalyptus kingsmillii subsp. kingsmillii,eucalyptus kingsmillii subsp. kingsmillii
Eucalyptus_kitsoniana_110,Eucalyptus,kitsoniana,,110,,,,,110____,Eucalyptus kitsoniana ,eucalyptus kitsoniana
Eucalyptus_kochii_subsp_kochii_657,Eucalyptus,kochii,kochii,,,657,,,__657__,Eucalyptus kochii subsp. kochii,eucalyptus kochii subsp. kochii
Eucalyptus_kondininensis_85,Eucalyptus,kondininensis,,85,,,,,85____,Eucalyptus kondininensis ,eucalyptus kondininensis
Eucalyptus_koolpinensis_CANB_454611,Eucalyptus,koolpinensis,,CANB,454611,,,,CANB_454611___,Eucalyptus koolpinensis ,eucalyptus koolpinensis
Eucalyptus_kruseana_129,Eucalyptus,kruseana,,129,,,,,129____,Eucalyptus kruseana ,eucalyptus kruseana
Eucalyptus_kumarlensis_587,Eucalyptus,kumarlensis,,587,,,,,587____,Eucalyptus kumarlensis ,eucalyptus kumarlensis
Eucalyptus_kybeanensis_AHT_E19,Eucalyptus,kybeanensis,,AHT,E19,,,,AHT_E19___,Eucalyptus kybeanensis ,eucalyptus kybeanensis
Eucalyptus_lacrimans_251,Eucalyptus,lacrimans,,251,,,,,251____,Eucalyptus lacrimans ,eucalyptus lacrimans
Eucalyptus_laeliae_337,Eucalyptus,laeliae,,337,,,,,337____,Eucalyptus laeliae ,eucalyptus laeliae
Eucalyptus_laevopinea_245,Eucalyptus,laevopinea,,245,,,,,245____,Eucalyptus laevopinea ,eucalyptus laevopinea
Eucalyptus_lanepoolei_434,Eucalyptus,lanepoolei,,434,,,,,434____,Eucalyptus lanepoolei ,eucalyptus lanepoolei
Eucalyptus_langleyi_8801319,Eucalyptus,langleyi,,8801319,,,,,8801319____,Eucalyptus langleyi ,eucalyptus langleyi
Eucalyptus_lansdowneana_652,Eucalyptus,lansdowneana,,652,,,,,652____,Eucalyptus lansdowneana ,eucalyptus lansdowneana
Eucalyptus_largeana_CANB_470581,Eucalyptus,largeana,,CANB,470581,,,,CANB_470581___,Eucalyptus largeana ,eucalyptus largeana
Eucalyptus_largiflorens_CANB_785604,Eucalyptus,largiflorens,,CANB,785604,,,,CANB_785604___,Eucalyptus largiflorens ,eucalyptus largiflorens
Eucalyptus_latens_292,Eucalyptus,latens,,292,,,,,292____,Eucalyptus latens ,eucalyptus latens
Eucalyptus_lateritica_CANB_794197,Eucalyptus,lateritica,,CANB,794197,,,,CANB_794197___,Eucalyptus lateritica ,eucalyptus lateritica
Eucalyptus_latisinensis_247,Eucalyptus,latisinensis,,247,,,,,247____,Eucalyptus latisinensis ,eucalyptus latisinensis
Eucalyptus_lehmanii_subsp_lehmanii_531,Eucalyptus,lehmanii,lehmanii,,,531,,,__531__,Eucalyptus lehmanii subsp. lehmanii,eucalyptus lehmanii subsp. lehmanii
Eucalyptus_leptocalyx_subsp_leptocalyx_73,Eucalyptus,leptocalyx,leptocalyx,,,73,,,__73__,Eucalyptus leptocalyx subsp. leptocalyx,eucalyptus leptocalyx subsp. leptocalyx
Eucalyptus_leptophleba_CANB_597951,Eucalyptus,leptophleba,,CANB,597951,,,,CANB_597951___,Eucalyptus leptophleba ,eucalyptus leptophleba
Eucalyptus_leptophylla_200,Eucalyptus,leptophylla,,200,,,,,200____,Eucalyptus leptophylla ,eucalyptus leptophylla
Eucalyptus_leptopoda_subsp_leptopoda_CANB_519232,Eucalyptus,leptopoda,leptopoda,,,CANB,519232,,__CANB_519232_,Eucalyptus leptopoda subsp. leptopoda,eucalyptus leptopoda subsp. leptopoda
Eucalyptus_lesouefii_38,Eucalyptus,lesouefii,,38,,,,,38____,Eucalyptus lesouefii ,eucalyptus lesouefii
Eucalyptus_leucophloia_subsp_euroa_500,Eucalyptus,leucophloia,euroa,,,500,,,__500__,Eucalyptus leucophloia subsp. euroa,eucalyptus leucophloia subsp. euroa
Eucalyptus_leucoxylon_subsp_leucoxylon_716,Eucalyptus,leucoxylon,leucoxylon,,,716,,,__716__,Eucalyptus leucoxylon subsp. leucoxylon,eucalyptus leucoxylon subsp. leucoxylon
Eucalyptus_ligulata_subsp_ligulata_721,Eucalyptus,ligulata,ligulata,,,721,,,__721__,Eucalyptus ligulata subsp. ligulata,eucalyptus ligulata subsp. ligulata
Eucalyptus_ligustrina_736,Eucalyptus,ligustrina,,736,,,,,736____,Eucalyptus ligustrina ,eucalyptus ligustrina
Eucalyptus_limitaris_CANB_785552,Eucalyptus,limitaris,,CANB,785552,,,,CANB_785552___,Eucalyptus limitaris ,eucalyptus limitaris
Eucalyptus_lirata_CANB_784082,Eucalyptus,lirata,,CANB,784082,,,,CANB_784082___,Eucalyptus lirata ,eucalyptus lirata
Eucalyptus_litorea_341,Eucalyptus,litorea,,341,,,,,341____,Eucalyptus litorea ,eucalyptus litorea
Eucalyptus_livida_CANB_794326,Eucalyptus,livida,,CANB,794326,,,,CANB_794326___,Eucalyptus livida ,eucalyptus livida
Eucalyptus_lockyeri,Eucalyptus,lockyeri,,,,,,,____,Eucalyptus lockyeri ,eucalyptus lockyeri
Eucalyptus_longicornis_491,Eucalyptus,longicornis,,491,,,,,491____,Eucalyptus longicornis ,eucalyptus longicornis
Eucalyptus_longifolia,Eucalyptus,longifolia,,,,,,,____,Eucalyptus longifolia ,eucalyptus longifolia
Eucalyptus_longirostrata_649,Eucalyptus,longirostrata,,649,,,,,649____,Eucalyptus longirostrata ,eucalyptus longirostrata
Eucalyptus_loxophleba_subsp_loxophleba_ANBG_9205090,Eucalyptus,loxophleba,loxophleba,,,ANBG,9205090,,__ANBG_9205090_,Eucalyptus loxophleba subsp. loxophleba,eucalyptus loxophleba subsp. loxophleba
Eucalyptus_lucasii_MC_11098,Eucalyptus,lucasii,,MC,11098,,,,MC_11098___,Eucalyptus lucasii ,eucalyptus lucasii
Eucalyptus_lucens_526,Eucalyptus,lucens,,526,,,,,526____,Eucalyptus lucens ,eucalyptus lucens
Eucalyptus_luculenta_705,Eucalyptus,luculenta,,705,,,,,705____,Eucalyptus luculenta ,eucalyptus luculenta
Eucalyptus_luehmanniana_8300316,Eucalyptus,luehmanniana,,8300316,,,,,8300316____,Eucalyptus luehmanniana ,eucalyptus luehmanniana
Eucalyptus_macarthurii_ANBG_no_sn,Eucalyptus,macarthurii,,ANBG,no,sn,,,ANBG_no_sn__,Eucalyptus macarthurii ,eucalyptus macarthurii
Eucalyptus_mackintii_308,Eucalyptus,mackintii,,308,,,,,308____,Eucalyptus mackintii ,eucalyptus mackintii
Eucalyptus_macrandra_153,Eucalyptus,macrandra,,153,,,,,153____,Eucalyptus macrandra ,eucalyptus macrandra
Eucalyptus_macrocarpa_subsp_macrocarpa_60,Eucalyptus,macrocarpa,macrocarpa,,,60,,,__60__,Eucalyptus macrocarpa subsp. macrocarpa,eucalyptus macrocarpa subsp. macrocarpa
Eucalyptus_macrorhyncha_subsp_macrorhyncha_761,Eucalyptus,macrorhyncha,macrorhyncha,,,761,,,__761__,Eucalyptus macrorhyncha subsp. macrorhyncha,eucalyptus macrorhyncha subsp. macrorhyncha
Eucalyptus_magnificata_672,Eucalyptus,magnificata,,672,,,,,672____,Eucalyptus magnificata ,eucalyptus magnificata
Eucalyptus_major_602,Eucalyptus,major,,602,,,,,602____,Eucalyptus major ,eucalyptus major
Eucalyptus_malacoxylon_576,Eucalyptus,malacoxylon,,576,,,,,576____,Eucalyptus malacoxylon ,eucalyptus malacoxylon
Eucalyptus_mannensis_subsp_vespertina_321,Eucalyptus,mannensis,vespertina,,,321,,,__321__,Eucalyptus mannensis subsp. vespertina,eucalyptus mannensis subsp. vespertina
Eucalyptus_mannifera_subsp_mannifera_610,Eucalyptus,mannifera,mannifera,,,610,,,__610__,Eucalyptus mannifera subsp. mannifera,eucalyptus mannifera subsp. mannifera
Eucalyptus_marginata_subsp_marginata_MC_10941,Eucalyptus,marginata,marginata,,,MC,10941,,__MC_10941_,Eucalyptus marginata subsp. marginata,eucalyptus marginata subsp. marginata
Eucalyptus_mckieana_248,Eucalyptus,mckieana,,248,,,,,248____,Eucalyptus mckieana ,eucalyptus mckieana
Eucalyptus_mcquoidii_4,Eucalyptus,mcquoidii,,4,,,,,4____,Eucalyptus mcquoidii ,eucalyptus mcquoidii
Eucalyptus_medialis_AHT_E20,Eucalyptus,medialis,,AHT,E20,,,,AHT_E20___,Eucalyptus medialis ,eucalyptus medialis
Eucalyptus_megacarpa_MC_11214,Eucalyptus,megacarpa,,MC,11214,,,,MC_11214___,Eucalyptus megacarpa ,eucalyptus megacarpa
Eucalyptus_megacornuta_84,Eucalyptus,megacornuta,,84,,,,,84____,Eucalyptus megacornuta ,eucalyptus megacornuta
Eucalyptus_melanoleuca_605,Eucalyptus,melanoleuca,,605,,,,,605____,Eucalyptus melanoleuca ,eucalyptus melanoleuca
Eucalyptus_melanophitra_582,Eucalyptus,melanophitra,,582,,,,,582____,Eucalyptus melanophitra ,eucalyptus melanophitra
Eucalyptus_melanophloia_subsp_melanophloia_207,Eucalyptus,melanophloia,melanophloia,,,207,,,__207__,Eucalyptus melanophloia subsp. melanophloia,eucalyptus melanophloia subsp. melanophloia
Eucalyptus_melanoxylon_586,Eucalyptus,melanoxylon,,586,,,,,586____,Eucalyptus melanoxylon ,eucalyptus melanoxylon
Eucalyptus_melliodora_ANBG_662272,Eucalyptus,melliodora,,ANBG,662272,,,,ANBG_662272___,Eucalyptus melliodora ,eucalyptus melliodora
Eucalyptus_merrickiae_CANB_794336,Eucalyptus,merrickiae,,CANB,794336,,,,CANB_794336___,Eucalyptus merrickiae ,eucalyptus merrickiae
Eucalyptus_michaeliana_258,Eucalyptus,michaeliana,,258,,,,,258____,Eucalyptus michaeliana ,eucalyptus michaeliana
Eucalyptus_micranthera_334,Eucalyptus,micranthera,,334,,,,,334____,Eucalyptus micranthera ,eucalyptus micranthera
Eucalyptus_microcarpa_475,Eucalyptus,microcarpa,,475,,,,,475____,Eucalyptus microcarpa ,eucalyptus microcarpa
Eucalyptus_microcorys_ANBG_491154,Eucalyptus,microcorys,,ANBG,491154,,,,ANBG_491154___,Eucalyptus microcorys ,eucalyptus microcorys
Eucalyptus_microneura_8603418,Eucalyptus,microneura,,8603418,,,,,8603418____,Eucalyptus microneura ,eucalyptus microneura
Eucalyptus_microschema_CANB_635056,Eucalyptus,microschema,,CANB,635056,,,,CANB_635056___,Eucalyptus microschema ,eucalyptus microschema
Eucalyptus_microtheca_MC_10519,Eucalyptus,microtheca,,MC,10519,,,,MC_10519___,Eucalyptus microtheca ,eucalyptus microtheca
Eucalyptus_mimica_subsp_mimica_534,Eucalyptus,mimica,mimica,,,534,,,__534__,Eucalyptus mimica subsp. mimica,eucalyptus mimica subsp. mimica
Eucalyptus_miniata_MC_10511,Eucalyptus,miniata,,MC,10511,,,,MC_10511___,Eucalyptus miniata ,eucalyptus miniata
Eucalyptus_minigwalica_184,Eucalyptus,minigwalica,,184,,,,,184____,Eucalyptus minigwalica ,eucalyptus minigwalica
Eucalyptus_minniritchi_263,Eucalyptus,minniritchi,,263,,,,,263____,Eucalyptus minniritchi ,eucalyptus minniritchi
Eucalyptus_misella_CANB_794329,Eucalyptus,misella,,CANB,794329,,,,CANB_794329___,Eucalyptus misella ,eucalyptus misella
Eucalyptus_mitchelliana_635,Eucalyptus,mitchelliana,,635,,,,,635____,Eucalyptus mitchelliana ,eucalyptus mitchelliana
Eucalyptus_moderata_274,Eucalyptus,moderata,,274,,,,,274____,Eucalyptus moderata ,eucalyptus moderata
Eucalyptus_moluccana_50761,Eucalyptus,moluccana,,50761,,,,,50761____,Eucalyptus moluccana ,eucalyptus moluccana
Eucalyptus_mooreana_CANB_750218,Eucalyptus,mooreana,,CANB,750218,,,,CANB_750218___,Eucalyptus mooreana ,eucalyptus mooreana
Eucalyptus_moorei_subsp_moorei_9600762,Eucalyptus,moorei,moorei,,,9600762,,,__9600762__,Eucalyptus moorei subsp. moorei,eucalyptus moorei subsp. moorei
Eucalyptus_morrisbyi_618,Eucalyptus,morrisbyi,,618,,,,,618____,Eucalyptus morrisbyi ,eucalyptus morrisbyi
Eucalyptus_morrisii_206,Eucalyptus,morrisii,,206,,,,,206____,Eucalyptus morrisii ,eucalyptus morrisii
Eucalyptus_muelleriana_159,Eucalyptus,muelleriana,,159,,,,,159____,Eucalyptus muelleriana ,eucalyptus muelleriana
Eucalyptus_multicaulis_761635,Eucalyptus,multicaulis,,761635,,,,,761635____,Eucalyptus multicaulis ,eucalyptus multicaulis
Eucalyptus_myriadena_591,Eucalyptus,myriadena,,591,,,,,591____,Eucalyptus myriadena ,eucalyptus myriadena
Eucalyptus_nanderwairca_9707924,Eucalyptus,nanderwairca,,9707924,,,,,9707924____,Eucalyptus nanderwairca ,eucalyptus nanderwairca
Eucalyptus_neglecta_72027,Eucalyptus,neglecta,,72027,,,,,72027____,Eucalyptus neglecta ,eucalyptus neglecta
Eucalyptus_nerthicola_34,Eucalyptus,nerthicola,,34,,,,,34____,Eucalyptus nerthicola ,eucalyptus nerthicola
Eucalyptus_neutra_284,Eucalyptus,neutra,,284,,,,,284____,Eucalyptus neutra ,eucalyptus neutra
Eucalyptus_newbeyi_501,Eucalyptus,newbeyi,,501,,,,,501____,Eucalyptus newbeyi ,eucalyptus newbeyi
Eucalyptus_nicholii_209,Eucalyptus,nicholii,,209,,,,,209____,Eucalyptus nicholii ,eucalyptus nicholii
Eucalyptus_nitens_ANBG_651034,Eucalyptus,nitens,,ANBG,651034,,,,ANBG_651034___,Eucalyptus nitens ,eucalyptus nitens
Eucalyptus_nitida_744,Eucalyptus,nitida,,744,,,,,744____,Eucalyptus nitida ,eucalyptus nitida
Eucalyptus_nobilis_246,Eucalyptus,nobilis,,246,,,,,246____,Eucalyptus nobilis ,eucalyptus nobilis
Eucalyptus_normantonensis_340,Eucalyptus,normantonensis,,340,,,,,340____,Eucalyptus normantonensis ,eucalyptus normantonensis
Eucalyptus_nortonii_664,Eucalyptus,nortonii,,664,,,,,664____,Eucalyptus nortonii ,eucalyptus nortonii
Eucalyptus_nova_anglica_244,Eucalyptus,nova,,anglica,244,,,,anglica_244___,Eucalyptus nova ,eucalyptus nova
Eucalyptus_nudicaulis_703,Eucalyptus,nudicaulis,,703,,,,,703____,Eucalyptus nudicaulis ,eucalyptus nudicaulis
Eucalyptus_nutans_722,Eucalyptus,nutans,,722,,,,,722____,Eucalyptus nutans ,eucalyptus nutans
Eucalyptus_obconica_CANB_644802,Eucalyptus,obconica,,CANB,644802,,,,CANB_644802___,Eucalyptus obconica ,eucalyptus obconica
Eucalyptus_obesa_70,Eucalyptus,obesa,,70,,,,,70____,Eucalyptus obesa ,eucalyptus obesa
Eucalyptus_obliqua_Royal_Canberra_Golf_AHT21,Eucalyptus,obliqua,,Royal,Canberra,Golf,AHT21,,Royal_Canberra_Golf_AHT21_,Eucalyptus obliqua ,eucalyptus obliqua
Eucalyptus_oblonga_255,Eucalyptus,oblonga,,255,,,,,255____,Eucalyptus oblonga ,eucalyptus oblonga
Eucalyptus_obtusiflora_MC_10760,Eucalyptus,obtusiflora,,MC,10760,,,,MC_10760___,Eucalyptus obtusiflora ,eucalyptus obtusiflora
Eucalyptus_occidentalis_430,Eucalyptus,occidentalis,,430,,,,,430____,Eucalyptus occidentalis ,eucalyptus occidentalis
Eucalyptus_ochrophloia_CANB_785600,Eucalyptus,ochrophloia,,CANB,785600,,,,CANB_785600___,Eucalyptus ochrophloia ,eucalyptus ochrophloia
Eucalyptus_odontocarpa_MC_10608,Eucalyptus,odontocarpa,,MC,10608,,,,MC_10608___,Eucalyptus odontocarpa ,eucalyptus odontocarpa
Eucalyptus_oldfieldii_MC_10775,Eucalyptus,oldfieldii,,MC,10775,,,,MC_10775___,Eucalyptus oldfieldii ,eucalyptus oldfieldii
Eucalyptus_oleosa_subsp_oleosa_58,Eucalyptus,oleosa,oleosa,,,58,,,__58__,Eucalyptus oleosa subsp. oleosa,eucalyptus oleosa subsp. oleosa
Eucalyptus_olida_738,Eucalyptus,olida,,738,,,,,738____,Eucalyptus olida ,eucalyptus olida
Eucalyptus_oligantha_MC_10571,Eucalyptus,oligantha,,MC,10571,,,,MC_10571___,Eucalyptus oligantha ,eucalyptus oligantha
Eucalyptus_olivina_44,Eucalyptus,olivina,,44,,,,,44____,Eucalyptus olivina ,eucalyptus olivina
Eucalyptus_olsenii_762144,Eucalyptus,olsenii,,762144,,,,,762144____,Eucalyptus olsenii ,eucalyptus olsenii
Eucalyptus_ophitica_607,Eucalyptus,ophitica,,607,,,,,607____,Eucalyptus ophitica ,eucalyptus ophitica
Eucalyptus_optima_708,Eucalyptus,optima,,708,,,,,708____,Eucalyptus optima ,eucalyptus optima
Eucalyptus_oraria_28,Eucalyptus,oraria,,28,,,,,28____,Eucalyptus oraria ,eucalyptus oraria
Eucalyptus_orbifolia_472,Eucalyptus,orbifolia,,472,,,,,472____,Eucalyptus orbifolia ,eucalyptus orbifolia
Eucalyptus_oreades_747,Eucalyptus,oreades,,747,,,,,747____,Eucalyptus oreades ,eucalyptus oreades
Eucalyptus_orgadophila_AHT_E10,Eucalyptus,orgadophila,,AHT,E10,,,,AHT_E10___,Eucalyptus orgadophila ,eucalyptus orgadophila
Eucalyptus_ornata_583,Eucalyptus,ornata,,583,,,,,583____,Eucalyptus ornata ,eucalyptus ornata
Eucalyptus_orthostemon_446,Eucalyptus,orthostemon,,446,,,,,446____,Eucalyptus orthostemon ,eucalyptus orthostemon
Eucalyptus_ovata_var_ovata_ANBG_475702,Eucalyptus,ovata,,var,ovata,ANBG,475702,,var_ovata_ANBG_475702_,Eucalyptus ovata ,eucalyptus ovata
Eucalyptus_ovularis_355,Eucalyptus,ovularis,,355,,,,,355____,Eucalyptus ovularis ,eucalyptus ovularis
Eucalyptus_oxymitra_278,Eucalyptus,oxymitra,,278,,,,,278____,Eucalyptus oxymitra ,eucalyptus oxymitra
Eucalyptus_pachycalyx_subsp_pachycalyx_305,Eucalyptus,pachycalyx,pachycalyx,,,305,,,__305__,Eucalyptus pachycalyx subsp. pachycalyx,eucalyptus pachycalyx subsp. pachycalyx
Eucalyptus_pachyloma_426,Eucalyptus,pachyloma,,426,,,,,426____,Eucalyptus pachyloma ,eucalyptus pachyloma
Eucalyptus_pachyphylla_ANBG_8503938,Eucalyptus,pachyphylla,,ANBG,8503938,,,,ANBG_8503938___,Eucalyptus pachyphylla ,eucalyptus pachyphylla
Eucalyptus_paedoglauca_625,Eucalyptus,paedoglauca,,625,,,,,625____,Eucalyptus paedoglauca ,eucalyptus paedoglauca
Eucalyptus_paliformis_CANB_460597,Eucalyptus,paliformis,,CANB,460597,,,,CANB_460597___,Eucalyptus paliformis ,eucalyptus paliformis
Eucalyptus_paludicola_ANBG_496820,Eucalyptus,paludicola,,ANBG,496820,,,,ANBG_496820___,Eucalyptus paludicola ,eucalyptus paludicola
Eucalyptus_panda_228,Eucalyptus,panda,,228,,,,,228____,Eucalyptus panda ,eucalyptus panda
Eucalyptus_paniculata_749,Eucalyptus,paniculata,,749,,,,,749____,Eucalyptus paniculata ,eucalyptus paniculata
Eucalyptus_parramattensis_subsp_parramattensis_161,Eucalyptus,parramattensis,parramattensis,,,161,,,__161__,Eucalyptus parramattensis subsp. parramattensis,eucalyptus parramattensis subsp. parramattensis
Eucalyptus_parvula_164,Eucalyptus,parvula,,164,,,,,164____,Eucalyptus parvula ,eucalyptus parvula
Eucalyptus_patellaris_CANB_558538,Eucalyptus,patellaris,,CANB,558538,,,,CANB_558538___,Eucalyptus patellaris ,eucalyptus patellaris
Eucalyptus_patens_ANBG_55807,Eucalyptus,patens,,ANBG,55807,,,,ANBG_55807___,Eucalyptus patens ,eucalyptus patens
Eucalyptus_pauciflora_subsp_pauciflora_ANBG_9303293,Eucalyptus,pauciflora,pauciflora,,,ANBG,9303293,,__ANBG_9303293_,Eucalyptus pauciflora subsp. pauciflora,eucalyptus pauciflora subsp. pauciflora
Eucalyptus_pellita_ANBG_8413520,Eucalyptus,pellita,,ANBG,8413520,,,,ANBG_8413520___,Eucalyptus pellita ,eucalyptus pellita
Eucalyptus_pendens_CANB_794222,Eucalyptus,pendens,,CANB,794222,,,,CANB_794222___,Eucalyptus pendens ,eucalyptus pendens
Eucalyptus_perangusta_51,Eucalyptus,perangusta,,51,,,,,51____,Eucalyptus perangusta ,eucalyptus perangusta
Eucalyptus_percostata_281,Eucalyptus,percostata,,281,,,,,281____,Eucalyptus percostata ,eucalyptus percostata
Eucalyptus_perriniana_742,Eucalyptus,perriniana,,742,,,,,742____,Eucalyptus perriniana ,eucalyptus perriniana
Eucalyptus_persistens_subsp_tardecidens_AHT_E2,Eucalyptus,persistens,tardecidens,,,AHT,E2,,__AHT_E2_,Eucalyptus persistens subsp. tardecidens,eucalyptus persistens subsp. tardecidens
Eucalyptus_petiolaris_ANBG_8317297,Eucalyptus,petiolaris,,ANBG,8317297,,,,ANBG_8317297___,Eucalyptus petiolaris ,eucalyptus petiolaris
Eucalyptus_petraea_63,Eucalyptus,petraea,,63,,,,,63____,Eucalyptus petraea ,eucalyptus petraea
Eucalyptus_petrensis_456210,Eucalyptus,petrensis,,456210,,,,,456210____,Eucalyptus petrensis ,eucalyptus petrensis
Eucalyptus_phaenophylla_subsp_phaenophylla_CANB_794282,Eucalyptus,phaenophylla,phaenophylla,,,CANB,794282,,__CANB_794282_,Eucalyptus phaenophylla subsp. phaenophylla,eucalyptus phaenophylla subsp. phaenophylla
Eucalyptus_phenax_subsp_phenax_375,Eucalyptus,phenax,phenax,,,375,,,__375__,Eucalyptus phenax subsp. phenax,eucalyptus phenax subsp. phenax
Eucalyptus_phoenicea_MC_10527,Eucalyptus,phoenicea,,MC,10527,,,,MC_10527___,Eucalyptus phoenicea ,eucalyptus phoenicea
Eucalyptus_pilbarensis_MC_11120,Eucalyptus,pilbarensis,,MC,11120,,,,MC_11120___,Eucalyptus pilbarensis ,eucalyptus pilbarensis
Eucalyptus_pileata_17,Eucalyptus,pileata,,17,,,,,17____,Eucalyptus pileata ,eucalyptus pileata
Eucalyptus_pilligaensis_768,Eucalyptus,pilligaensis,,768,,,,,768____,Eucalyptus pilligaensis ,eucalyptus pilligaensis
Eucalyptus_pilularis_482,Eucalyptus,pilularis,,482,,,,,482____,Eucalyptus pilularis ,eucalyptus pilularis
Eucalyptus_pimpiniana_462,Eucalyptus,pimpiniana,,462,,,,,462____,Eucalyptus pimpiniana ,eucalyptus pimpiniana
Eucalyptus_piperita_subsp_piperita_ANBG_8411654,Eucalyptus,piperita,piperita,,,ANBG,8411654,,__ANBG_8411654_,Eucalyptus piperita subsp. piperita,eucalyptus piperita subsp. piperita
Eucalyptus_placita_AHT_E25,Eucalyptus,placita,,AHT,E25,,,,AHT_E25___,Eucalyptus placita ,eucalyptus placita
Eucalyptus_planchoniana_236,Eucalyptus,planchoniana,,236,,,,,236____,Eucalyptus planchoniana ,eucalyptus planchoniana
Eucalyptus_platycorys_subsp_platycorys_54,Eucalyptus,platycorys,platycorys,,,54,,,__54__,Eucalyptus platycorys subsp. platycorys,eucalyptus platycorys subsp. platycorys
Eucalyptus_platydisca_CANB_638520,Eucalyptus,platydisca,,CANB,638520,,,,CANB_638520___,Eucalyptus platydisca ,eucalyptus platydisca
Eucalyptus_platyphylla,Eucalyptus,platyphylla,,,,,,,____,Eucalyptus platyphylla ,eucalyptus platyphylla
Eucalyptus_plauta_35,Eucalyptus,plauta,,35,,,,,35____,Eucalyptus plauta ,eucalyptus plauta
Eucalyptus_pleurocarpa,Eucalyptus,pleurocarpa,,,,,,,____,Eucalyptus pleurocarpa ,eucalyptus pleurocarpa
Eucalyptus_pluricaulis_subsp_pluricaulis_296,Eucalyptus,pluricaulis,pluricaulis,,,296,,,__296__,Eucalyptus pluricaulis subsp. pluricaulis,eucalyptus pluricaulis subsp. pluricaulis
Eucalyptus_polita_22,Eucalyptus,polita,,22,,,,,22____,Eucalyptus polita ,eucalyptus polita
Eucalyptus_polyanthemos_subsp_polyanthemos_659,Eucalyptus,polyanthemos,polyanthemos,,,659,,,__659__,Eucalyptus polyanthemos subsp. polyanthemos,eucalyptus polyanthemos subsp. polyanthemos
Eucalyptus_polybractea_760,Eucalyptus,polybractea,,760,,,,,760____,Eucalyptus polybractea ,eucalyptus polybractea
Eucalyptus_populnea_MC_10633,Eucalyptus,populnea,,MC,10633,,,,MC_10633___,Eucalyptus populnea ,eucalyptus populnea
Eucalyptus_porosa_MC_10664,Eucalyptus,porosa,,MC,10664,,,,MC_10664___,Eucalyptus porosa ,eucalyptus porosa
Eucalyptus_praetermissa_CANB_610680,Eucalyptus,praetermissa,,CANB,610680,,,,CANB_610680___,Eucalyptus praetermissa ,eucalyptus praetermissa
Eucalyptus_prava_220,Eucalyptus,prava,,220,,,,,220____,Eucalyptus prava ,eucalyptus prava
Eucalyptus_preissiana_subsp_preissiana_422,Eucalyptus,preissiana,preissiana,,,422,,,__422__,Eucalyptus preissiana subsp. preissiana,eucalyptus preissiana subsp. preissiana
Eucalyptus_prolixa_CANB_536396,Eucalyptus,prolixa,,CANB,536396,,,,CANB_536396___,Eucalyptus prolixa ,eucalyptus prolixa
Eucalyptus_prominens_373,Eucalyptus,prominens,,373,,,,,373____,Eucalyptus prominens ,eucalyptus prominens
Eucalyptus_propinqua_696,Eucalyptus,propinqua,,696,,,,,696____,Eucalyptus propinqua ,eucalyptus propinqua
Eucalyptus_protensa_14,Eucalyptus,protensa,,14,,,,,14____,Eucalyptus protensa ,eucalyptus protensa
Eucalyptus_proxima_432,Eucalyptus,proxima,,432,,,,,432____,Eucalyptus proxima ,eucalyptus proxima
Eucalyptus_pruiniramis_MC_11189,Eucalyptus,pruiniramis,,MC,11189,,,,MC_11189___,Eucalyptus pruiniramis ,eucalyptus pruiniramis
Eucalyptus_pruinosa_subsp_pruinosa_Mt_Annan_841760,Eucalyptus,pruinosa,pruinosa,,,Mt,Ann,841760,__Mt_Ann_841760,Eucalyptus pruinosa subsp. pruinosa,eucalyptus pruinosa subsp. pruinosa
Eucalyptus_pterocarpa_8,Eucalyptus,pterocarpa,,8,,,,,8____,Eucalyptus pterocarpa ,eucalyptus pterocarpa
Eucalyptus_pulchella_612,Eucalyptus,pulchella,,612,,,,,612____,Eucalyptus pulchella ,eucalyptus pulchella
Eucalyptus_pulverulenta_684,Eucalyptus,pulverulenta,,684,,,,,684____,Eucalyptus pulverulenta ,eucalyptus pulverulenta
Eucalyptus_pumila_227,Eucalyptus,pumila,,227,,,,,227____,Eucalyptus pumila ,eucalyptus pumila
Eucalyptus_purpurata_83,Eucalyptus,purpurata,,83,,,,,83____,Eucalyptus purpurata ,eucalyptus purpurata
Eucalyptus_pyriformis_268,Eucalyptus,pyriformis,,268,,,,,268____,Eucalyptus pyriformis ,eucalyptus pyriformis
Eucalyptus_pyrocarpa_630205,Eucalyptus,pyrocarpa,,630205,,,,,630205____,Eucalyptus pyrocarpa ,eucalyptus pyrocarpa
Eucalyptus_quadrangulata_234,Eucalyptus,quadrangulata,,234,,,,,234____,Eucalyptus quadrangulata ,eucalyptus quadrangulata
Eucalyptus_quadrans_384,Eucalyptus,quadrans,,384,,,,,384____,Eucalyptus quadrans ,eucalyptus quadrans
Eucalyptus_quadricostata_8603516,Eucalyptus,quadricostata,,8603516,,,,,8603516____,Eucalyptus quadricostata ,eucalyptus quadricostata
Eucalyptus_quaerenda_CANB_794294,Eucalyptus,quaerenda,,CANB,794294,,,,CANB_794294___,Eucalyptus quaerenda ,eucalyptus quaerenda
Eucalyptus_quinniorum_9707932,Eucalyptus,quinniorum,,9707932,,,,,9707932____,Eucalyptus quinniorum ,eucalyptus quinniorum
Eucalyptus_racemosa_732766,Eucalyptus,racemosa,,732766,,,,,732766____,Eucalyptus racemosa ,eucalyptus racemosa
Eucalyptus_radiata_subsp_radiata_732,Eucalyptus,radiata,radiata,,,732,,,__732__,Eucalyptus radiata subsp. radiata,eucalyptus radiata subsp. radiata
Eucalyptus_ralla_250,Eucalyptus,ralla,,250,,,,,250____,Eucalyptus ralla ,eucalyptus ralla
Eucalyptus_rameliana_648,Eucalyptus,rameliana,,648,,,,,648____,Eucalyptus rameliana ,eucalyptus rameliana
Eucalyptus_raveretiana_685,Eucalyptus,raveretiana,,685,,,,,685____,Eucalyptus raveretiana ,eucalyptus raveretiana
Eucalyptus_ravida_458,Eucalyptus,ravida,,458,,,,,458____,Eucalyptus ravida ,eucalyptus ravida
Eucalyptus_recta_751,Eucalyptus,recta,,751,,,,,751____,Eucalyptus recta ,eucalyptus recta
Eucalyptus_recurva_ANBG,Eucalyptus,recurva,,ANBG,,,,,ANBG____,Eucalyptus recurva ,eucalyptus recurva
Eucalyptus_redunca_507,Eucalyptus,redunca,,507,,,,,507____,Eucalyptus redunca ,eucalyptus redunca
Eucalyptus_regnans_ANBG_8501815,Eucalyptus,regnans,,ANBG,8501815,,,,ANBG_8501815___,Eucalyptus regnans ,eucalyptus regnans
Eucalyptus_remota_ANBG_9807783,Eucalyptus,remota,,ANBG,9807783,,,,ANBG_9807783___,Eucalyptus remota ,eucalyptus remota
Eucalyptus_resinifera_subsp_resinifera_750,Eucalyptus,resinifera,resinifera,,,750,,,__750__,Eucalyptus resinifera subsp. resinifera,eucalyptus resinifera subsp. resinifera
Eucalyptus_retinens_259,Eucalyptus,retinens,,259,,,,,259____,Eucalyptus retinens ,eucalyptus retinens
Eucalyptus_retusa_726,Eucalyptus,retusa,,726,,,,,726____,Eucalyptus retusa ,eucalyptus retusa
Eucalyptus_rhodantha_374,Eucalyptus,rhodantha,,374,,,,,374____,Eucalyptus rhodantha ,eucalyptus rhodantha
Eucalyptus_rhombica_596,Eucalyptus,rhombica,,596,,,,,596____,Eucalyptus rhombica ,eucalyptus rhombica
Eucalyptus_rhomboidea_476,Eucalyptus,rhomboidea,,476,,,,,476____,Eucalyptus rhomboidea ,eucalyptus rhomboidea
Eucalyptus_rigens_76,Eucalyptus,rigens,,76,,,,,76____,Eucalyptus rigens ,eucalyptus rigens
Eucalyptus_rigidula_201,Eucalyptus,rigidula,,201,,,,,201____,Eucalyptus rigidula ,eucalyptus rigidula
Eucalyptus_risdonii_620,Eucalyptus,risdonii,,620,,,,,620____,Eucalyptus risdonii ,eucalyptus risdonii
Eucalyptus_rodwayi_62705,Eucalyptus,rodwayi,,62705,,,,,62705____,Eucalyptus rodwayi ,eucalyptus rodwayi
Eucalyptus_rosacea_645,Eucalyptus,rosacea,,645,,,,,645____,Eucalyptus rosacea ,eucalyptus rosacea
Eucalyptus_roycei_328,Eucalyptus,roycei,,328,,,,,328____,Eucalyptus roycei ,eucalyptus roycei
Eucalyptus_rubida_subsp_rubida_ANBG_732895,Eucalyptus,rubida,rubida,,,ANBG,732895,,__ANBG_732895_,Eucalyptus rubida subsp. rubida,eucalyptus rubida subsp. rubida
Eucalyptus_rubiginosa_654,Eucalyptus,rubiginosa,,654,,,,,654____,Eucalyptus rubiginosa ,eucalyptus rubiginosa
Eucalyptus_rudderi_614,Eucalyptus,rudderi,,614,,,,,614____,Eucalyptus rudderi ,eucalyptus rudderi
Eucalyptus_rudis_351,Eucalyptus,rudis,,351,,,,,351____,Eucalyptus rudis ,eucalyptus rudis
Eucalyptus_rugosa_61,Eucalyptus,rugosa,,61,,,,,61____,Eucalyptus rugosa ,eucalyptus rugosa
Eucalyptus_rugulata_42,Eucalyptus,rugulata,,42,,,,,42____,Eucalyptus rugulata ,eucalyptus rugulata
Eucalyptus_rummeryi_735,Eucalyptus,rummeryi,,735,,,,,735____,Eucalyptus rummeryi ,eucalyptus rummeryi
Eucalyptus_salicola_32,Eucalyptus,salicola,,32,,,,,32____,Eucalyptus salicola ,eucalyptus salicola
Eucalyptus_saligna_737,Eucalyptus,saligna,,737,,,,,737____,Eucalyptus saligna ,eucalyptus saligna
Eucalyptus_salmonophloia_CANB_564460,Eucalyptus,salmonophloia,,CANB,564460,,,,CANB_564460___,Eucalyptus salmonophloia ,eucalyptus salmonophloia
Eucalyptus_salubris_589,Eucalyptus,salubris,,589,,,,,589____,Eucalyptus salubris ,eucalyptus salubris
Eucalyptus_sargentii_subsp_sargentii_524,Eucalyptus,sargentii,sargentii,,,524,,,__524__,Eucalyptus sargentii subsp. sargentii,eucalyptus sargentii subsp. sargentii
Eucalyptus_saxatilis_7906246,Eucalyptus,saxatilis,,7906246,,,,,7906246____,Eucalyptus saxatilis ,eucalyptus saxatilis
Eucalyptus_scias_subsp_scias_745,Eucalyptus,scias,scias,,,745,,,__745__,Eucalyptus scias subsp. scias,eucalyptus scias subsp. scias
Eucalyptus_scoparia_ANBG_501278,Eucalyptus,scoparia,,ANBG,501278,,,,ANBG_501278___,Eucalyptus scoparia ,eucalyptus scoparia
Eucalyptus_scopulorum_670,Eucalyptus,scopulorum,,670,,,,,670____,Eucalyptus scopulorum ,eucalyptus scopulorum
Eucalyptus_scyphocalyx_AHT_E7,Eucalyptus,scyphocalyx,,AHT,E7,,,,AHT_E7___,Eucalyptus scyphocalyx ,eucalyptus scyphocalyx
Eucalyptus_seeana_630,Eucalyptus,seeana,,630,,,,,630____,Eucalyptus seeana ,eucalyptus seeana
Eucalyptus_semota_530,Eucalyptus,semota,,530,,,,,530____,Eucalyptus semota ,eucalyptus semota
Eucalyptus_sepulcralis_CANB_378343,Eucalyptus,sepulcralis,,CANB,378343,,,,CANB_378343___,Eucalyptus sepulcralis ,eucalyptus sepulcralis
Eucalyptus_serraensis_MC_10646,Eucalyptus,serraensis,,MC,10646,,,,MC_10646___,Eucalyptus serraensis ,eucalyptus serraensis
Eucalyptus_sessilis_549,Eucalyptus,sessilis,,549,,,,,549____,Eucalyptus sessilis ,eucalyptus sessilis
Eucalyptus_sicilifolia_8603421,Eucalyptus,sicilifolia,,8603421,,,,,8603421____,Eucalyptus sicilifolia ,eucalyptus sicilifolia
Eucalyptus_siderophloia_ANBG_7906137,Eucalyptus,siderophloia,,ANBG,7906137,,,,ANBG_7906137___,Eucalyptus siderophloia ,eucalyptus siderophloia
Eucalyptus_sideroxylon_750609,Eucalyptus,sideroxylon,,750609,,,,,750609____,Eucalyptus sideroxylon ,eucalyptus sideroxylon
Eucalyptus_sieberi_ANBG_8411661,Eucalyptus,sieberi,,ANBG,8411661,,,,ANBG_8411661___,Eucalyptus sieberi ,eucalyptus sieberi
Eucalyptus_similis,Eucalyptus,similis,,,,,,,____,Eucalyptus similis ,eucalyptus similis
Eucalyptus_singularis_AHT_E15,Eucalyptus,singularis,,AHT,E15,,,,AHT_E15___,Eucalyptus singularis ,eucalyptus singularis
Eucalyptus_smithii_217,Eucalyptus,smithii,,217,,,,,217____,Eucalyptus smithii ,eucalyptus smithii
Eucalyptus_socialis_subsp_socialis_276,Eucalyptus,socialis,socialis,,,276,,,__276__,Eucalyptus socialis subsp. socialis,eucalyptus socialis subsp. socialis
Eucalyptus_sparsa_AHT_E24,Eucalyptus,sparsa,,AHT,E24,,,,AHT_E24___,Eucalyptus sparsa ,eucalyptus sparsa
Eucalyptus_sparsifolia_216,Eucalyptus,sparsifolia,,216,,,,,216____,Eucalyptus sparsifolia ,eucalyptus sparsifolia
Eucalyptus_spathulata_subsp_spathulata_368,Eucalyptus,spathulata,spathulata,,,368,,,__368__,Eucalyptus spathulata subsp. spathulata,eucalyptus spathulata subsp. spathulata
Eucalyptus_sphaerocarpa_606,Eucalyptus,sphaerocarpa,,606,,,,,606____,Eucalyptus sphaerocarpa ,eucalyptus sphaerocarpa
Eucalyptus_splendens_subsp_splendens_303,Eucalyptus,splendens,splendens,,,303,,,__303__,Eucalyptus splendens subsp. splendens,eucalyptus splendens subsp. splendens
Eucalyptus_spreta_40,Eucalyptus,spreta,,40,,,,,40____,Eucalyptus spreta ,eucalyptus spreta
Eucalyptus_squamosa_629,Eucalyptus,squamosa,,629,,,,,629____,Eucalyptus squamosa ,eucalyptus squamosa
Eucalyptus_staeri_366,Eucalyptus,staeri,,366,,,,,366____,Eucalyptus staeri ,eucalyptus staeri
Eucalyptus_steedmanii_585,Eucalyptus,steedmanii,,585,,,,,585____,Eucalyptus steedmanii ,eucalyptus steedmanii
Eucalyptus_stellulata_9102880,Eucalyptus,stellulata,,9102880,,,,,9102880____,Eucalyptus stellulata ,eucalyptus stellulata
Eucalyptus_stenostoma_733,Eucalyptus,stenostoma,,733,,,,,733____,Eucalyptus stenostoma ,eucalyptus stenostoma
Eucalyptus_stoatei_191,Eucalyptus,stoatei,,191,,,,,191____,Eucalyptus stoatei ,eucalyptus stoatei
Eucalyptus_stowardii_CANB_790458,Eucalyptus,stowardii,,CANB,790458,,,,CANB_790458___,Eucalyptus stowardii ,eucalyptus stowardii
Eucalyptus_stricklandii_18,Eucalyptus,stricklandii,,18,,,,,18____,Eucalyptus stricklandii ,eucalyptus stricklandii
Eucalyptus_stricta_309,Eucalyptus,stricta,,309,,,,,309____,Eucalyptus stricta ,eucalyptus stricta
Eucalyptus_strzeleckii_subsp_strzeleckii_162,Eucalyptus,strzeleckii,strzeleckii,,,162,,,__162__,Eucalyptus strzeleckii subsp. strzeleckii,eucalyptus strzeleckii subsp. strzeleckii
Eucalyptus_sturgissiana_376,Eucalyptus,sturgissiana,,376,,,,,376____,Eucalyptus sturgissiana ,eucalyptus sturgissiana
Eucalyptus_subangusta_subsp_subangusta_24,Eucalyptus,subangusta,subangusta,,,24,,,__24__,Eucalyptus subangusta subsp. subangusta,eucalyptus subangusta subsp. subangusta
Eucalyptus_subcrenulata_9702884,Eucalyptus,subcrenulata,,9702884,,,,,9702884____,Eucalyptus subcrenulata ,eucalyptus subcrenulata
Eucalyptus_suberea_MC_10904A,Eucalyptus,suberea,,MC,10904A,,,,MC_10904A___,Eucalyptus suberea ,eucalyptus suberea
Eucalyptus_subtilis_57,Eucalyptus,subtilis,,57,,,,,57____,Eucalyptus subtilis ,eucalyptus subtilis
Eucalyptus_suggrandis_subsp_suggrandis_82,Eucalyptus,suggrandis,suggrandis,,,82,,,__82__,Eucalyptus suggrandis subsp. suggrandis,eucalyptus suggrandis subsp. suggrandis
Eucalyptus_surgens_190,Eucalyptus,surgens,,190,,,,,190____,Eucalyptus surgens ,eucalyptus surgens
Eucalyptus_synandra_CANB_794049,Eucalyptus,synandra,,CANB,794049,,,,CANB_794049___,Eucalyptus synandra ,eucalyptus synandra
Eucalyptus_talyuberlup_724,Eucalyptus,talyuberlup,,724,,,,,724____,Eucalyptus talyuberlup ,eucalyptus talyuberlup
Eucalyptus_tectifica_CANB_785474,Eucalyptus,tectifica,,CANB,785474,,,,CANB_785474___,Eucalyptus tectifica ,eucalyptus tectifica
Eucalyptus_tenella_763,Eucalyptus,tenella,,763,,,,,763____,Eucalyptus tenella ,eucalyptus tenella
Eucalyptus_tenera_440,Eucalyptus,tenera,,440,,,,,440____,Eucalyptus tenera ,eucalyptus tenera
Eucalyptus_tenuipes,Eucalyptus,tenuipes,,,,,,,____,Eucalyptus tenuipes ,eucalyptus tenuipes
Eucalyptus_tenuiramis_CANB_692639,Eucalyptus,tenuiramis,,CANB,692639,,,,CANB_692639___,Eucalyptus tenuiramis ,eucalyptus tenuiramis
Eucalyptus_tenuis_584,Eucalyptus,tenuis,,584,,,,,584____,Eucalyptus tenuis ,eucalyptus tenuis
Eucalyptus_tephrodes_385,Eucalyptus,tephrodes,,385,,,,,385____,Eucalyptus tephrodes ,eucalyptus tephrodes
Eucalyptus_terebra_31,Eucalyptus,terebra,,31,,,,,31____,Eucalyptus terebra ,eucalyptus terebra
Eucalyptus_tereticornis_subsp_tereticornis_769,Eucalyptus,tereticornis,tereticornis,,,769,,,__769__,Eucalyptus tereticornis subsp. tereticornis,eucalyptus tereticornis subsp. tereticornis
Eucalyptus_tetrapleura_746,Eucalyptus,tetrapleura,,746,,,,,746____,Eucalyptus tetrapleura ,eucalyptus tetrapleura
Eucalyptus_tetraptera_AHT_E1,Eucalyptus,tetraptera,,AHT,E1,,,,AHT_E1___,Eucalyptus tetraptera ,eucalyptus tetraptera
Eucalyptus_tetrodonta_MC_10512,Eucalyptus,tetrodonta,,MC,10512,,,,MC_10512___,Eucalyptus tetrodonta ,eucalyptus tetrodonta
Eucalyptus_thamnoides_86,Eucalyptus,thamnoides,,86,,,,,86____,Eucalyptus thamnoides ,eucalyptus thamnoides
Eucalyptus_tholiformis_AHT_E13,Eucalyptus,tholiformis,,AHT,E13,,,,AHT_E13___,Eucalyptus tholiformis ,eucalyptus tholiformis
Eucalyptus_thozetiana_MC_10632,Eucalyptus,thozetiana,,MC,10632,,,,MC_10632___,Eucalyptus thozetiana ,eucalyptus thozetiana
Eucalyptus_tindaliae_ANBG_69620,Eucalyptus,tindaliae,,ANBG,69620,,,,ANBG_69620___,Eucalyptus tindaliae ,eucalyptus tindaliae
Eucalyptus_tintinnans_CANB_557752,Eucalyptus,tintinnans,,CANB,557752,,,,CANB_557752___,Eucalyptus tintinnans ,eucalyptus tintinnans
Eucalyptus_todtiana_CANB_530801,Eucalyptus,todtiana,,CANB,530801,,,,CANB_530801___,Eucalyptus todtiana ,eucalyptus todtiana
Eucalyptus_torquata_MC_10738,Eucalyptus,torquata,,MC,10738,,,,MC_10738___,Eucalyptus torquata ,eucalyptus torquata
Eucalyptus_tortilis_588,Eucalyptus,tortilis,,588,,,,,588____,Eucalyptus tortilis ,eucalyptus tortilis
Eucalyptus_transcontinentalis_188,Eucalyptus,transcontinentalis,,188,,,,,188____,Eucalyptus transcontinentalis ,eucalyptus transcontinentalis
Eucalyptus_tricarpa_8701791,Eucalyptus,tricarpa,,8701791,,,,,8701791____,Eucalyptus tricarpa ,eucalyptus tricarpa
Eucalyptus_triflora_ANBG_763500,Eucalyptus,triflora,,ANBG,763500,,,,ANBG_763500___,Eucalyptus triflora ,eucalyptus triflora
Eucalyptus_trivalvis_AHT_E5,Eucalyptus,trivalvis,,AHT,E5,,,,AHT_E5___,Eucalyptus trivalvis ,eucalyptus trivalvis
Eucalyptus_tumida_CANB_794343,Eucalyptus,tumida,,CANB,794343,,,,CANB_794343___,Eucalyptus tumida ,eucalyptus tumida
Eucalyptus_ultima_697,Eucalyptus,ultima,,697,,,,,697____,Eucalyptus ultima ,eucalyptus ultima
Eucalyptus_umbra_ANBG_60074,Eucalyptus,umbra,,ANBG,60074,,,,ANBG_60074___,Eucalyptus umbra ,eucalyptus umbra
Eucalyptus_uncinata_subsp_uncinata_91,Eucalyptus,uncinata,uncinata,,,91,,,__91__,Eucalyptus uncinata subsp. uncinata,eucalyptus uncinata subsp. uncinata
Eucalyptus_urna_270,Eucalyptus,urna,,270,,,,,270____,Eucalyptus urna ,eucalyptus urna
Eucalyptus_urophylla_CANB_180346,Eucalyptus,urophylla,,CANB,180346,,,,CANB_180346___,Eucalyptus urophylla ,eucalyptus urophylla
Eucalyptus_utilis_62,Eucalyptus,utilis,,62,,,,,62____,Eucalyptus utilis ,eucalyptus utilis
Eucalyptus_valens_478,Eucalyptus,valens,,478,,,,,478____,Eucalyptus valens ,eucalyptus valens
Eucalyptus_vegrandis_subsp_vegrandis_435,Eucalyptus,vegrandis,vegrandis,,,435,,,__435__,Eucalyptus vegrandis subsp. vegrandis,eucalyptus vegrandis subsp. vegrandis
Eucalyptus_vernicosa_ANBG_no_sn,Eucalyptus,vernicosa,,ANBG,no,sn,,,ANBG_no_sn__,Eucalyptus vernicosa ,eucalyptus vernicosa
Eucalyptus_verrucata_715,Eucalyptus,verrucata,,715,,,,,715____,Eucalyptus verrucata ,eucalyptus verrucata
Eucalyptus_vesiculosa_87,Eucalyptus,vesiculosa,,87,,,,,87____,Eucalyptus vesiculosa ,eucalyptus vesiculosa
Eucalyptus_vicina,Eucalyptus,vicina,,,,,,,____,Eucalyptus vicina ,eucalyptus vicina
Eucalyptus_victoriana_712,Eucalyptus,victoriana,,712,,,,,712____,Eucalyptus victoriana ,eucalyptus victoriana
Eucalyptus_victrix_327,Eucalyptus,victrix,,327,,,,,327____,Eucalyptus victrix ,eucalyptus victrix
Eucalyptus_viminalis_subsp_viminalis_615,Eucalyptus,viminalis,viminalis,,,615,,,__615__,Eucalyptus viminalis subsp. viminalis,eucalyptus viminalis subsp. viminalis
Eucalyptus_virens_598,Eucalyptus,virens,,598,,,,,598____,Eucalyptus virens ,eucalyptus virens
Eucalyptus_viridis_767,Eucalyptus,viridis,,767,,,,,767____,Eucalyptus viridis ,eucalyptus viridis
Eucalyptus_vittata_43,Eucalyptus,vittata,,43,,,,,43____,Eucalyptus vittata ,eucalyptus vittata
Eucalyptus_vokesensis_453,Eucalyptus,vokesensis,,453,,,,,453____,Eucalyptus vokesensis ,eucalyptus vokesensis
Eucalyptus_wandoo_subsp_wandoo_21,Eucalyptus,wandoo,wandoo,,,21,,,__21__,Eucalyptus wandoo subsp. wandoo,eucalyptus wandoo subsp. wandoo
Eucalyptus_websteriana_subsp_websteriana_AHT_E3,Eucalyptus,websteriana,websteriana,,,AHT,E3,,__AHT_E3_,Eucalyptus websteriana subsp. websteriana,eucalyptus websteriana subsp. websteriana
Eucalyptus_wetarensis,Eucalyptus,wetarensis,,,,,,,____,Eucalyptus wetarensis ,eucalyptus wetarensis
Eucalyptus_whitei_513,Eucalyptus,whitei,,513,,,,,513____,Eucalyptus whitei ,eucalyptus whitei
Eucalyptus_wilcoxii_168,Eucalyptus,wilcoxii,,168,,,,,168____,Eucalyptus wilcoxii ,eucalyptus wilcoxii
Eucalyptus_williamsiana_261,Eucalyptus,williamsiana,,261,,,,,261____,Eucalyptus williamsiana ,eucalyptus williamsiana
Eucalyptus_willisii_subsp_willisii_CANB_468525,Eucalyptus,willisii,willisii,,,CANB,468525,,__CANB_468525_,Eucalyptus willisii subsp. willisii,eucalyptus willisii subsp. willisii
Eucalyptus_woodwardii_MC_10742,Eucalyptus,woodwardii,,MC,10742,,,,MC_10742___,Eucalyptus woodwardii ,eucalyptus woodwardii
Eucalyptus_wubinensis_50,Eucalyptus,wubinensis,,50,,,,,50____,Eucalyptus wubinensis ,eucalyptus wubinensis
Eucalyptus_wyolensis_699,Eucalyptus,wyolensis,,699,,,,,699____,Eucalyptus wyolensis ,eucalyptus wyolensis
Eucalyptus_xanthonema_subsp_xanthonema_CANB_794264,Eucalyptus,xanthonema,xanthonema,,,CANB,794264,,__CANB_794264_,Eucalyptus xanthonema subsp. xanthonema,eucalyptus xanthonema subsp. xanthonema
Eucalyptus_xerothermica_183,Eucalyptus,xerothermica,,183,,,,,183____,Eucalyptus xerothermica ,eucalyptus xerothermica
Eucalyptus_yalatensis_460,Eucalyptus,yalatensis,,460,,,,,460____,Eucalyptus yalatensis ,eucalyptus yalatensis
Eucalyptus_yangoura_AHT_E16,Eucalyptus,yangoura,,AHT,E16,,,,AHT_E16___,Eucalyptus yangoura ,eucalyptus yangoura
Eucalyptus_yarraensis_8005851,Eucalyptus,yarraensis,,8005851,,,,,8005851____,Eucalyptus yarraensis ,eucalyptus yarraensis
Eucalyptus_yilgarnensis_AHT_E14,Eucalyptus,yilgarnensis,,AHT,E14,,,,AHT_E14___,Eucalyptus yilgarnensis ,eucalyptus yilgarnensis
Eucalyptus_youmanii_73091,Eucalyptus,youmanii,,73091,,,,,73091____,Eucalyptus youmanii ,eucalyptus youmanii
Eucalyptus_youngiana_198,Eucalyptus,youngiana,,198,,,,,198____,Eucalyptus youngiana ,eucalyptus youngiana
Eucalyptus_yumbarrana_262,Eucalyptus,yumbarrana,,262,,,,,262____,Eucalyptus yumbarrana ,eucalyptus yumbarrana
Eucalyptus_zopherophloia_AHT_E12,Eucalyptus,zopherophloia,,AHT,E12,,,,AHT_E12___,Eucalyptus zopherophloia ,eucalyptus zopherophloia
Hypocalymma_linifolium,Hypocalymma,linifolium,,,,,,,____,Hypocalymma linifolium ,hypocalymma linifolium
Kunzea_ericoides,Kunzea,ericoides,,,,,,,____,Kunzea ericoides ,kunzea ericoides
Lophostemon_suaveolens_CANB_750277,Lophostemon,suaveolens,,CANB,750277,,,,CANB_750277___,Lophostemon suaveolens ,lophostemon suaveolens
Myrtus_communis,Myrtus,communis,,,,,,,____,Myrtus communis ,myrtus communis
Stockwellia_quadrifida,Stockwellia,quadrifida,,,,,,,____,Stockwellia quadrifida ,stockwellia quadrifida
Syncarpia_glomulifera_Jervis_Bay,Syncarpia,glomulifera,,Jervis,Bay,,,,Jervis_Bay___,Syncarpia glomulifera ,syncarpia glomulifera
Syncarpia_hillii_612122,Syncarpia,hillii,,612122,,,,,612122____,Syncarpia hillii ,syncarpia hillii
Syzygium_angophoroides,Syzygium,angophoroides,,,,,,,____,Syzygium angophoroides ,syzygium angophoroides
Tepualia_stipularis,Tepualia,stipularis,,,,,,,____,Tepualia stipularis ,tepualia stipularis
