Binomial,Genus,Subgenus,Section,Series,Subseries,Species,Subspecies,Regeneration Strategy,RowTree,FieldID,binomial
Eucalyptus gomphocephala,Eucalyptus,Symphyomyrtus,Bolites,,,gomphocephala,,Stem,R047/T35,CCA0699,eucalyptus gomphocephala
Eucalyptus gomphocephala,Eucalyptus,Symphyomyrtus,Bolites,,,gomphocephala,,Stem,R047/T36,CCA0700,eucalyptus gomphocephala
Eucalyptus gomphocephala,Eucalyptus,Symphyomyrtus,Bolites,,,gomphocephala,,Stem,R069/T12,CCA1202,eucalyptus gomphocephala
Eucalyptus gomphocephala,Eucalyptus,Symphyomyrtus,Bolites,,,gomphocephala,,Stem,R069/T13,CCA1203,eucalyptus gomphocephala
Eucalyptus vesiculosa,Eucalyptus,Symphyomyrtus,'Glandulosae' ms,Clinatae,,vesiculosa,,Seeder,R234/T09,CCA4637,eucalyptus vesiculosa
Eucalyptus vesiculosa,Eucalyptus,Symphyomyrtus,'Glandulosae' ms,Clinatae,,vesiculosa,,Seeder,R234/T10,CCA4638,eucalyptus vesiculosa
Eucalyptus vesiculosa,Eucalyptus,Symphyomyrtus,'Glandulosae' ms,Clinatae,,vesiculosa,,Seeder,R234/T12,CCA4639,eucalyptus vesiculosa
Eucalyptus astringens subsp. astringens,Eucalyptus,Symphyomyrtus,'Glandulosae' ms,Erectae,Pedicellatae,astringens,astringens,Seeder,R227/T02,CCA4441,eucalyptus astringens subsp. astringens
Eucalyptus astringens subsp. astringens,Eucalyptus,Symphyomyrtus,'Glandulosae' ms,Erectae,Pedicellatae,astringens,astringens,Seeder,R227/T03,CCA4442,eucalyptus astringens subsp. astringens
Eucalyptus astringens subsp. astringens,Eucalyptus,Symphyomyrtus,'Glandulosae' ms,Erectae,Pedicellatae,astringens,astringens,Seeder,R227/T04,CCA4443,eucalyptus astringens subsp. astringens
Eucalyptus astringens subsp. astringens,Eucalyptus,Symphyomyrtus,'Glandulosae' ms,Erectae,Pedicellatae,astringens,astringens,Seeder,R230/T17,CCA4539,eucalyptus astringens subsp. astringens
Eucalyptus astringens subsp. astringens,Eucalyptus,Symphyomyrtus,'Glandulosae' ms,Erectae,Pedicellatae,astringens,astringens,Seeder,R230/T18,CCA4540,eucalyptus astringens subsp. astringens
Eucalyptus astringens subsp. astringens,Eucalyptus,Symphyomyrtus,'Glandulosae' ms,Erectae,Pedicellatae,astringens,astringens,Seeder,R230/T19,CCA4541,eucalyptus astringens subsp. astringens
Eucalyptus astringens subsp. redacta,Eucalyptus,Symphyomyrtus,'Glandulosae' ms,Erectae,Pedicellatae,astringens,redacta,Seeder,R085/T17,CCA1454,eucalyptus astringens subsp. redacta
Eucalyptus astringens subsp. redacta,Eucalyptus,Symphyomyrtus,'Glandulosae' ms,Erectae,Pedicellatae,astringens,redacta,Seeder,R085/T18,CCA1455,eucalyptus astringens subsp. redacta
Eucalyptus astringens subsp. redacta,Eucalyptus,Symphyomyrtus,'Glandulosae' ms,Erectae,Pedicellatae,astringens,redacta,Seeder,R085/T19,CCA1456,eucalyptus astringens subsp. redacta
Eucalyptus astringens subsp. redacta,Eucalyptus,Symphyomyrtus,'Glandulosae' ms,Erectae,Pedicellatae,astringens,redacta,Seeder,R043/T20,CCA0605,eucalyptus astringens subsp. redacta
Eucalyptus astringens subsp. redacta,Eucalyptus,Symphyomyrtus,'Glandulosae' ms,Erectae,Pedicellatae,astringens,redacta,Seeder,R173/T15,CCA3472,eucalyptus astringens subsp. redacta
Eucalyptus astringens subsp. redacta,Eucalyptus,Symphyomyrtus,'Glandulosae' ms,Erectae,Pedicellatae,astringens,redacta,Seeder,R173/T16,CCA3473,eucalyptus astringens subsp. redacta
Eucalyptus astringens subsp. redacta,Eucalyptus,Symphyomyrtus,'Glandulosae' ms,Erectae,Pedicellatae,astringens,redacta,Seeder,R173/T17,CCA3474,eucalyptus astringens subsp. redacta
Eucalyptus astringens subsp. redacta,Eucalyptus,Symphyomyrtus,'Glandulosae' ms,Erectae,Pedicellatae,astringens,redacta,Seeder,R233/T16,CCA4615,eucalyptus astringens subsp. redacta
Eucalyptus extensa,Eucalyptus,Symphyomyrtus,'Glandulosae' ms,Erectae,Annulatae,extensa,,Seeder,R230/T25,CCA4547,eucalyptus extensa
Eucalyptus extensa,Eucalyptus,Symphyomyrtus,'Glandulosae' ms,Erectae,Annulatae,extensa,,Seeder,R230/T26,CCA4548,eucalyptus extensa
Eucalyptus extensa,Eucalyptus,Symphyomyrtus,'Glandulosae' ms,Erectae,Annulatae,extensa,,Seeder,R230/T27,CCA4549,eucalyptus extensa
Eucalyptus extensa,Eucalyptus,Symphyomyrtus,'Glandulosae' ms,Erectae,Annulatae,extensa,,Seeder,R230/T28,CCA4550,eucalyptus extensa
Eucalyptus extensa,Eucalyptus,Symphyomyrtus,'Glandulosae' ms,Erectae,Annulatae,extensa,,Seeder,R224/T33,CCA4374,eucalyptus extensa
Eucalyptus extensa,Eucalyptus,Symphyomyrtus,'Glandulosae' ms,Erectae,Annulatae,extensa,,Seeder,R224/T34,CCA4375,eucalyptus extensa
Eucalyptus extensa,Eucalyptus,Symphyomyrtus,'Glandulosae' ms,Erectae,Annulatae,extensa,,Seeder,R224/T35,CCA4376,eucalyptus extensa
Eucalyptus conferruminata,Eucalyptus,Symphyomyrtus,'Glandulosae' ms,Cornutae,Conjunctae,conferruminata,conferruminata,Seeder,R209/T24,CCA4178,eucalyptus conferruminata
Eucalyptus conferruminata,Eucalyptus,Symphyomyrtus,'Glandulosae' ms,Cornutae,Conjunctae,conferruminata,conferruminata,Seeder,R209/T25,CCA4179,eucalyptus conferruminata
Eucalyptus conferruminata,Eucalyptus,Symphyomyrtus,'Glandulosae' ms,Cornutae,Conjunctae,conferruminata,conferruminata,Seeder,R209/T26,CCA4180,eucalyptus conferruminata
Eucalyptus conferruminata,Eucalyptus,Symphyomyrtus,'Glandulosae' ms,Cornutae,Conjunctae,conferruminata,conferruminata,Seeder,R209/T27,CCA4181,eucalyptus conferruminata
Eucalyptus conferruminata,Eucalyptus,Symphyomyrtus,'Glandulosae' ms,Cornutae,Conjunctae,conferruminata,conferruminata,Seeder,R230/T14,CCA4536,eucalyptus conferruminata
Eucalyptus conferruminata,Eucalyptus,Symphyomyrtus,'Glandulosae' ms,Cornutae,Conjunctae,conferruminata,conferruminata,Seeder,R230/T15,CCA4537,eucalyptus conferruminata
Eucalyptus conferruminata,Eucalyptus,Symphyomyrtus,'Glandulosae' ms,Cornutae,Conjunctae,conferruminata,conferruminata,Seeder,R230/T16,CCA4538,eucalyptus conferruminata
Eucalyptus arachnaea subsp. arrecta,Eucalyptus,Symphyomyrtus,'Glandulosae' ms,Levispermae,Levispermae,arachnaea,arrecta,Seeder,R174/T21,CCA3498,eucalyptus arachnaea subsp. arrecta
Eucalyptus arachnaea subsp. arrecta,Eucalyptus,Symphyomyrtus,'Glandulosae' ms,Levispermae,Levispermae,arachnaea,arrecta,Seeder,R174/T22,CCA3499,eucalyptus arachnaea subsp. arrecta
Eucalyptus arachnaea subsp. arrecta,Eucalyptus,Symphyomyrtus,'Glandulosae' ms,Levispermae,Levispermae,arachnaea,arrecta,Seeder,R315/T26,CCA5765,eucalyptus arachnaea subsp. arrecta
Eucalyptus arachnaea subsp. arrecta,Eucalyptus,Symphyomyrtus,'Glandulosae' ms,Levispermae,Levispermae,arachnaea,arrecta,Seeder,R315/T27,CCA5766,eucalyptus arachnaea subsp. arrecta
Eucalyptus arachnaea subsp. arrecta,Eucalyptus,Symphyomyrtus,'Glandulosae' ms,Levispermae,Levispermae,arachnaea,arrecta,Seeder,R315/T28,CCA5767,eucalyptus arachnaea subsp. arrecta
Eucalyptus melanophitra,Eucalyptus,Symphyomyrtus,'Glandulosae' ms,Levispermae,Levispermae,melanophitra,,Seeder,R015/T06,CCA0169,eucalyptus melanophitra
Eucalyptus melanophitra,Eucalyptus,Symphyomyrtus,'Glandulosae' ms,Levispermae,Levispermae,melanophitra,,Seeder,R015/T07,CCA0170,eucalyptus melanophitra
Eucalyptus clivicola,Eucalyptus,Symphyomyrtus,'Glandulosae' ms,Levispermae,Levispermae,clivicola,,Seeder,R016/T09,CCA0199,eucalyptus clivicola
Eucalyptus clivicola,Eucalyptus,Symphyomyrtus,'Glandulosae' ms,Levispermae,Levispermae,clivicola,,Seeder,R016/T10,CCA0200,eucalyptus clivicola
Eucalyptus clivicola,Eucalyptus,Symphyomyrtus,'Glandulosae' ms,Levispermae,Levispermae,clivicola,,Seeder,R189/T31,CCA3827,eucalyptus clivicola
Eucalyptus clivicola,Eucalyptus,Symphyomyrtus,'Glandulosae' ms,Levispermae,Levispermae,clivicola,,Seeder,R189/T33,CCA3828,eucalyptus clivicola
Eucalyptus clivicola,Eucalyptus,Symphyomyrtus,'Glandulosae' ms,Levispermae,Levispermae,clivicola,,Seeder,R230/T09,CCA4533,eucalyptus clivicola
Eucalyptus clivicola,Eucalyptus,Symphyomyrtus,'Glandulosae' ms,Levispermae,Levispermae,clivicola,,Seeder,R230/T10,CCA4534,eucalyptus clivicola
Eucalyptus clivicola,Eucalyptus,Symphyomyrtus,'Glandulosae' ms,Levispermae,Levispermae,clivicola,,Seeder,R230/T11,CCA4535,eucalyptus clivicola
Eucalyptus gardneri subsp. gardneri,Eucalyptus,Symphyomyrtus,'Glandulosae' ms,Levispermae,Levispermae,gardneri,gardneri,Seeder,R026/T02,CCA0409,eucalyptus gardneri subsp. gardneri
Eucalyptus gardneri subsp. gardneri,Eucalyptus,Symphyomyrtus,'Glandulosae' ms,Levispermae,Levispermae,gardneri,gardneri,Seeder,R026/T03,CCA0410,eucalyptus gardneri subsp. gardneri
Eucalyptus gardneri subsp. gardneri,Eucalyptus,Symphyomyrtus,'Glandulosae' ms,Levispermae,Levispermae,gardneri,gardneri,Seeder,R026/T04,CCA0411,eucalyptus gardneri subsp. gardneri
Eucalyptus gardneri subsp. gardneri,Eucalyptus,Symphyomyrtus,'Glandulosae' ms,Levispermae,Levispermae,gardneri,gardneri,Seeder,R227/T09,CCA4446,eucalyptus gardneri subsp. gardneri
Eucalyptus gardneri subsp. gardneri,Eucalyptus,Symphyomyrtus,'Glandulosae' ms,Levispermae,Levispermae,gardneri,gardneri,Seeder,R227/T10,CCA4447,eucalyptus gardneri subsp. gardneri
Eucalyptus gardneri subsp. gardneri,Eucalyptus,Symphyomyrtus,'Glandulosae' ms,Levispermae,Levispermae,gardneri,gardneri,Seeder,R227/T11,CCA4448,eucalyptus gardneri subsp. gardneri
Eucalyptus densa,Eucalyptus,Symphyomyrtus,'Glandulosae' ms,Levispermae,Levispermae,densa,densa,Seeder,R070/T13,CCA1224,eucalyptus densa
Eucalyptus densa,Eucalyptus,Symphyomyrtus,'Glandulosae' ms,Levispermae,Levispermae,densa,densa,Seeder,R070/T15,CCA1225,eucalyptus densa
Eucalyptus densa,Eucalyptus,Symphyomyrtus,'Glandulosae' ms,Levispermae,Levispermae,densa,improcera,Seeder,R015/T24,CCA0183,eucalyptus densa
Eucalyptus densa,Eucalyptus,Symphyomyrtus,'Glandulosae' ms,Levispermae,Levispermae,densa,improcera,Seeder,R015/T27,CCA0184,eucalyptus densa
Eucalyptus salmonophloia,Eucalyptus,Symphyomyrtus,Bisectae,Salmonophloiae,,salmonophloia,,Stem,R042/T13,CCA0575,eucalyptus salmonophloia
Eucalyptus salmonophloia,Eucalyptus,Symphyomyrtus,Bisectae,Salmonophloiae,,salmonophloia,,Stem,R042/T14,CCA0576,eucalyptus salmonophloia
Eucalyptus salmonophloia,Eucalyptus,Symphyomyrtus,Bisectae,Salmonophloiae,,salmonophloia,,Stem,R177/T16,CCA3559,eucalyptus salmonophloia
Eucalyptus salmonophloia,Eucalyptus,Symphyomyrtus,Bisectae,Salmonophloiae,,salmonophloia,,Stem,R177/T17,CCA3560,eucalyptus salmonophloia
Eucalyptus salmonophloia,Eucalyptus,Symphyomyrtus,Bisectae,Salmonophloiae,,salmonophloia,,Stem,R177/T18,CCA3561,eucalyptus salmonophloia
Eucalyptus salmonophloia,Eucalyptus,Symphyomyrtus,Bisectae,Salmonophloiae,,salmonophloia,,Stem,R177/T19,CCA3562,eucalyptus salmonophloia
Eucalyptus recta,Eucalyptus,Symphyomyrtus,Bisectae,Falcatae,Rugatae,recta,,Seeder,R025/T14,CCA0390,eucalyptus recta
Eucalyptus recta,Eucalyptus,Symphyomyrtus,Bisectae,Falcatae,Rugatae,recta,,Seeder,R025/T15,CCA0391,eucalyptus recta
Eucalyptus recta,Eucalyptus,Symphyomyrtus,Bisectae,Falcatae,Rugatae,recta,,Seeder,R025/T17,CCA0392,eucalyptus recta
Eucalyptus recta,Eucalyptus,Symphyomyrtus,Bisectae,Falcatae,Rugatae,recta,,Seeder,R085/T09,CCA1450,eucalyptus recta
Eucalyptus recta,Eucalyptus,Symphyomyrtus,Bisectae,Falcatae,Rugatae,recta,,Seeder,R301/T01,CCA5434,eucalyptus recta
Eucalyptus recta,Eucalyptus,Symphyomyrtus,Bisectae,Falcatae,Rugatae,recta,,Seeder,R301/T02,CCA5435,eucalyptus recta
Eucalyptus recta,Eucalyptus,Symphyomyrtus,Bisectae,Falcatae,Rugatae,recta,,Seeder,R301/T03,CCA5436,eucalyptus recta
Eucalyptus rugulata,Eucalyptus,Symphyomyrtus,Bisectae,Falcatae,Rugatae,rugulata,,Seeder,R226/T14,CCA4417,eucalyptus rugulata
Eucalyptus rugulata,Eucalyptus,Symphyomyrtus,Bisectae,Falcatae,Rugatae,rugulata,,Seeder,R226/T15,CCA4418,eucalyptus rugulata
Eucalyptus rugulata,Eucalyptus,Symphyomyrtus,Bisectae,Falcatae,Rugatae,rugulata,,Seeder,R226/T16,CCA4419,eucalyptus rugulata
Eucalyptus rugulata,Eucalyptus,Symphyomyrtus,Bisectae,Falcatae,Rugatae,rugulata,,Seeder,R226/T28,CCA4431,eucalyptus rugulata
Eucalyptus rugulata,Eucalyptus,Symphyomyrtus,Bisectae,Falcatae,Rugatae,rugulata,,Seeder,R226/T30,CCA4432,eucalyptus rugulata
Eucalyptus rugulata,Eucalyptus,Symphyomyrtus,Bisectae,Falcatae,Rugatae,rugulata,,Seeder,R226/T31,CCA4433,eucalyptus rugulata
Eucalyptus ornata,Eucalyptus,Symphyomyrtus,Bisectae,Falcatae,Rugatae,ornata,,Seeder,R027/T37,CCA0455,eucalyptus ornata
Eucalyptus ornata,Eucalyptus,Symphyomyrtus,Bisectae,Falcatae,Rugatae,ornata,,Seeder,R027/T38,CCA0456,eucalyptus ornata
Eucalyptus ornata,Eucalyptus,Symphyomyrtus,Bisectae,Falcatae,Rugatae,ornata,,Seeder,R300/T01,CCA5409,eucalyptus ornata
Eucalyptus ornata,Eucalyptus,Symphyomyrtus,Bisectae,Falcatae,Rugatae,ornata,,Seeder,R300/T03,CCA5410,eucalyptus ornata
Eucalyptus ornata,Eucalyptus,Symphyomyrtus,Bisectae,Falcatae,Rugatae,ornata,,Seeder,R300/T04,CCA5411,eucalyptus ornata
Eucalyptus falcata,Eucalyptus,Symphyomyrtus,Bisectae,Falcatae,Rugatae,falcata,,Seeder,R069/T19,CCA1206,eucalyptus falcata
Eucalyptus falcata,Eucalyptus,Symphyomyrtus,Bisectae,Falcatae,Rugatae,falcata,,Seeder,R229/T01,CCA4499,eucalyptus falcata
Eucalyptus falcata,Eucalyptus,Symphyomyrtus,Bisectae,Falcatae,Rugatae,falcata,,Seeder,R229/T02,CCA4500,eucalyptus falcata
Eucalyptus falcata,Eucalyptus,Symphyomyrtus,Bisectae,Falcatae,Rugatae,falcata,,Seeder,R229/T04,CCA4501,eucalyptus falcata
Eucalyptus purpurata,Eucalyptus,Symphyomyrtus,Bisectae,Falcatae,Rugatae,purpurata,,Seeder,R233/T21,CCA4620,eucalyptus purpurata
Eucalyptus purpurata,Eucalyptus,Symphyomyrtus,Bisectae,Falcatae,Rugatae,purpurata,,Seeder,R233/T22,CCA4621,eucalyptus purpurata
Eucalyptus purpurata,Eucalyptus,Symphyomyrtus,Bisectae,Falcatae,Rugatae,purpurata,,Seeder,R233/T23,CCA4622,eucalyptus purpurata
Eucalyptus purpurata,Eucalyptus,Symphyomyrtus,Bisectae,Falcatae,Rugatae,purpurata,,Seeder,R233/T24,CCA4623,eucalyptus purpurata
Eucalyptus annettae,Eucalyptus,Symphyomyrtus,Bisectae,Falcatae,Rugatae,annettae,,Seeder,R244/T01,CCA4836,eucalyptus annettae
Eucalyptus annettae,Eucalyptus,Symphyomyrtus,Bisectae,Falcatae,Rugatae,annettae,,Seeder,R245/T13,CCA4872,eucalyptus annettae
Eucalyptus annettae,Eucalyptus,Symphyomyrtus,Bisectae,Falcatae,Rugatae,annettae,,Seeder,R247/T01,CCA4900,eucalyptus annettae
Eucalyptus annettae,Eucalyptus,Symphyomyrtus,Bisectae,Falcatae,Rugatae,annettae,,Seeder,R248/T01,CCA4923,eucalyptus annettae
Eucalyptus annettae,Eucalyptus,Symphyomyrtus,Bisectae,Falcatae,Rugatae,annettae,,Seeder,R276/T13,CCA5109,eucalyptus annettae
Eucalyptus annettae,Eucalyptus,Symphyomyrtus,Bisectae,Falcatae,Rugatae,annettae,,Seeder,R276/T14,CCA5110,eucalyptus annettae
Eucalyptus annettae,Eucalyptus,Symphyomyrtus,Bisectae,Falcatae,Rugatae,annettae,,Seeder,R276/T15,CCA5111,eucalyptus annettae
Eucalyptus annettae,Eucalyptus,Symphyomyrtus,Bisectae,Falcatae,Rugatae,annettae,,Seeder,R276/T16,CCA5112,eucalyptus annettae
Eucalyptus brockwayi,Eucalyptus,Symphyomyrtus,Bisectae,Brockwayanae,,brockwayi,,Seeder,R178/T05,CCA3569,eucalyptus brockwayi
Eucalyptus brockwayi,Eucalyptus,Symphyomyrtus,Bisectae,Brockwayanae,,brockwayi,,Seeder,R178/T06,CCA3570,eucalyptus brockwayi
Eucalyptus brockwayi,Eucalyptus,Symphyomyrtus,Bisectae,Brockwayanae,,brockwayi,,Seeder,R187/T01,CCA3746,eucalyptus brockwayi
Eucalyptus brockwayi,Eucalyptus,Symphyomyrtus,Bisectae,Brockwayanae,,brockwayi,,Seeder,R187/T02,CCA3747,eucalyptus brockwayi
Eucalyptus brockwayi,Eucalyptus,Symphyomyrtus,Bisectae,Brockwayanae,,brockwayi,,Seeder,R187/T03,CCA3748,eucalyptus brockwayi
Eucalyptus brockwayi,Eucalyptus,Symphyomyrtus,Bisectae,Brockwayanae,,brockwayi,,Seeder,R187/T04,CCA3749,eucalyptus brockwayi
Eucalyptus brockwayi,Eucalyptus,Symphyomyrtus,Bisectae,Brockwayanae,,brockwayi,,Seeder,R178/T07,CCA3571,eucalyptus brockwayi
Eucalyptus salicola,Eucalyptus,Symphyomyrtus,Bisectae,Porantherae,,salicola,,Seeder,R204/T21,CCA4067,eucalyptus salicola
Eucalyptus salicola,Eucalyptus,Symphyomyrtus,Bisectae,Porantherae,,salicola,,Seeder,R204/T22,CCA4068,eucalyptus salicola
Eucalyptus salicola,Eucalyptus,Symphyomyrtus,Bisectae,Porantherae,,salicola,,Seeder,R204/T23,CCA4069,eucalyptus salicola
Eucalyptus salicola,Eucalyptus,Symphyomyrtus,Bisectae,Porantherae,,salicola,,Seeder,R224/T29,CCA4371,eucalyptus salicola
Eucalyptus salicola,Eucalyptus,Symphyomyrtus,Bisectae,Porantherae,,salicola,,Seeder,R224/T31,CCA4372,eucalyptus salicola
Eucalyptus salicola,Eucalyptus,Symphyomyrtus,Bisectae,Porantherae,,salicola,,Seeder,R224/T32,CCA4373,eucalyptus salicola
Eucalyptus salicola,Eucalyptus,Symphyomyrtus,Bisectae,Porantherae,,salicola,,Seeder,R227/T17,CCA4452,eucalyptus salicola
Eucalyptus salicola,Eucalyptus,Symphyomyrtus,Bisectae,Porantherae,,salicola,,Seeder,R227/T18,CCA4453,eucalyptus salicola
Eucalyptus salicola,Eucalyptus,Symphyomyrtus,Bisectae,Porantherae,,salicola,,Seeder,R227/T19,CCA4454,eucalyptus salicola
Eucalyptus salicola,Eucalyptus,Symphyomyrtus,Bisectae,Porantherae,,salicola,,Seeder,R227/T20,CCA4455,eucalyptus salicola
Eucalyptus brandiana,Eucalyptus,Symphyomyrtus,Dumaria,Tetrapterae,,brandiana,,Seeder,R313/T09,CCA5699,eucalyptus brandiana
Eucalyptus brandiana,Eucalyptus,Symphyomyrtus,Dumaria,Tetrapterae,,brandiana,,Seeder,R313/T10,CCA5700,eucalyptus brandiana
Eucalyptus brandiana,Eucalyptus,Symphyomyrtus,Dumaria,Tetrapterae,,brandiana,,Seeder,R313/T11,CCA5701,eucalyptus brandiana
Eucalyptus brandiana,Eucalyptus,Symphyomyrtus,Dumaria,Tetrapterae,,brandiana,,Seeder,R313/T12,CCA5702,eucalyptus brandiana
Eucalyptus singularis,Eucalyptus,Symphyomyrtus,Dumaria,Tetrapterae,,singularis,,Seeder,R204/T30,CCA4070,eucalyptus singularis
Eucalyptus singularis,Eucalyptus,Symphyomyrtus,Dumaria,Tetrapterae,,singularis,,Seeder,R204/T31,CCA4071,eucalyptus singularis
Eucalyptus singularis,Eucalyptus,Symphyomyrtus,Dumaria,Tetrapterae,,singularis,,Seeder,R204/T32,CCA4072,eucalyptus singularis
Eucalyptus singularis,Eucalyptus,Symphyomyrtus,Dumaria,Tetrapterae,,singularis,,Seeder,R206/T05,CCA4114,eucalyptus singularis
Eucalyptus singularis,Eucalyptus,Symphyomyrtus,Dumaria,Tetrapterae,,singularis,,Seeder,R206/T06,CCA4115,eucalyptus singularis
Eucalyptus singularis,Eucalyptus,Symphyomyrtus,Dumaria,Tetrapterae,,singularis,,Seeder,R206/T07,CCA4116,eucalyptus singularis
Eucalyptus distuberosa subsp. distuberosa,Eucalyptus,Symphyomyrtus,Dumaria,Rufispermae,,distuberosa,distuberosa,Seeder,R221/T33,CCA4276,eucalyptus distuberosa subsp. distuberosa
Eucalyptus distuberosa subsp. distuberosa,Eucalyptus,Symphyomyrtus,Dumaria,Rufispermae,,distuberosa,distuberosa,Seeder,R221/T34,CCA4277,eucalyptus distuberosa subsp. distuberosa
Eucalyptus distuberosa subsp. distuberosa,Eucalyptus,Symphyomyrtus,Dumaria,Rufispermae,,distuberosa,distuberosa,Seeder,R221/T35,CCA4278,eucalyptus distuberosa subsp. distuberosa
Eucalyptus distuberosa subsp. distuberosa,Eucalyptus,Symphyomyrtus,Dumaria,Rufispermae,,distuberosa,distuberosa,Seeder,R221/T36,CCA4279,eucalyptus distuberosa subsp. distuberosa
Eucalyptus distuberosa subsp. aerata,Eucalyptus,Symphyomyrtus,Dumaria,Rufispermae,,distuberosa,aerata,Seeder,R221/T13,CCA4259,eucalyptus distuberosa subsp. aerata
Eucalyptus distuberosa subsp. aerata,Eucalyptus,Symphyomyrtus,Dumaria,Rufispermae,,distuberosa,aerata,Seeder,R221/T16,CCA4260,eucalyptus distuberosa subsp. aerata
Eucalyptus distuberosa subsp. aerata,Eucalyptus,Symphyomyrtus,Dumaria,Rufispermae,,distuberosa,aerata,Seeder,R221/T29,CCA4272,eucalyptus distuberosa subsp. aerata
Eucalyptus distuberosa subsp. aerata,Eucalyptus,Symphyomyrtus,Dumaria,Rufispermae,,distuberosa,aerata,Seeder,R221/T30,CCA4273,eucalyptus distuberosa subsp. aerata
Eucalyptus distuberosa subsp. aerata,Eucalyptus,Symphyomyrtus,Dumaria,Rufispermae,,distuberosa,aerata,Seeder,R221/T31,CCA4274,eucalyptus distuberosa subsp. aerata
Eucalyptus distuberosa subsp. aerata,Eucalyptus,Symphyomyrtus,Dumaria,Rufispermae,,distuberosa,aerata,Seeder,R221/T32,CCA4275,eucalyptus distuberosa subsp. aerata
Eucalyptus valens,Eucalyptus,Symphyomyrtus,Dumaria,Rufispermae,,valens,,Seeder,R188/T05,CCA3780,eucalyptus valens
Eucalyptus valens,Eucalyptus,Symphyomyrtus,Dumaria,Rufispermae,,valens,,Seeder,R188/T06,CCA3781,eucalyptus valens
Eucalyptus valens,Eucalyptus,Symphyomyrtus,Dumaria,Rufispermae,,valens,,Seeder,R188/T07,CCA3782,eucalyptus valens
Eucalyptus valens,Eucalyptus,Symphyomyrtus,Dumaria,Rufispermae,,valens,,Seeder,R188/T08,CCA3783,eucalyptus valens
Eucalyptus frenchiana,Eucalyptus,Symphyomyrtus,Dumaria,Rufispermae,,frenchiana,,Seeder,R082/T25,CCA1405,eucalyptus frenchiana
Eucalyptus frenchiana,Eucalyptus,Symphyomyrtus,Dumaria,Rufispermae,,frenchiana,,Seeder,R082/T27,CCA1406,eucalyptus frenchiana
Eucalyptus frenchiana,Eucalyptus,Symphyomyrtus,Dumaria,Rufispermae,,frenchiana,,Seeder,R082/T28,CCA1407,eucalyptus frenchiana
Eucalyptus frenchiana,Eucalyptus,Symphyomyrtus,Dumaria,Rufispermae,,frenchiana,,Seeder,R178/T01,CCA3566,eucalyptus frenchiana
Eucalyptus frenchiana,Eucalyptus,Symphyomyrtus,Dumaria,Rufispermae,,frenchiana,,Seeder,R178/T03,CCA3567,eucalyptus frenchiana
Eucalyptus frenchiana,Eucalyptus,Symphyomyrtus,Dumaria,Rufispermae,,frenchiana,,Seeder,R178/T04,CCA3568,eucalyptus frenchiana
Eucalyptus frenchiana,Eucalyptus,Symphyomyrtus,Dumaria,Rufispermae,,frenchiana,,Seeder,R221/T21,CCA4264,eucalyptus frenchiana
Eucalyptus frenchiana,Eucalyptus,Symphyomyrtus,Dumaria,Rufispermae,,frenchiana,,Seeder,R221/T22,CCA4265,eucalyptus frenchiana
Eucalyptus frenchiana,Eucalyptus,Symphyomyrtus,Dumaria,Rufispermae,,frenchiana,,Seeder,R221/T23,CCA4266,eucalyptus frenchiana
Eucalyptus frenchiana,Eucalyptus,Symphyomyrtus,Dumaria,Rufispermae,,frenchiana,,Seeder,R221/T24,CCA4267,eucalyptus frenchiana
Eucalyptus vittata,Eucalyptus,Symphyomyrtus,Dumaria,Rufispermae,,vittata,,Seeder,R203/T06,CCA4038,eucalyptus vittata
Eucalyptus vittata,Eucalyptus,Symphyomyrtus,Dumaria,Rufispermae,,vittata,,Seeder,R226/T17,CCA4420,eucalyptus vittata
Eucalyptus vittata,Eucalyptus,Symphyomyrtus,Dumaria,Rufispermae,,vittata,,Seeder,R226/T18,CCA4421,eucalyptus vittata
Eucalyptus vittata,Eucalyptus,Symphyomyrtus,Dumaria,Rufispermae,,vittata,,Seeder,R226/T19,CCA4422,eucalyptus vittata
Eucalyptus vittata,Eucalyptus,Symphyomyrtus,Dumaria,Rufispermae,,vittata,,Seeder,R235/T05,CCA4663,eucalyptus vittata
Eucalyptus vittata,Eucalyptus,Symphyomyrtus,Dumaria,Rufispermae,,vittata,,Seeder,R235/T06,CCA4664,eucalyptus vittata
Eucalyptus vittata,Eucalyptus,Symphyomyrtus,Dumaria,Rufispermae,,vittata,,Seeder,R235/T07,CCA4665,eucalyptus vittata
Eucalyptus vittata,Eucalyptus,Symphyomyrtus,Dumaria,Rufispermae,,vittata,,Seeder,R235/T08,CCA4666,eucalyptus vittata
Eucalyptus diversicolor,Eucalyptus,Symphyomyrtus,Inclusae,,,diversicolor,,Stem,R076/T20,CCA1370,eucalyptus diversicolor
Eucalyptus diversicolor,Eucalyptus,Symphyomyrtus,Inclusae,,,diversicolor,,Stem,R260/T05,CCA4950,eucalyptus diversicolor
Eucalyptus diversicolor,Eucalyptus,Symphyomyrtus,Inclusae,,,diversicolor,,Stem,R260/T06,CCA4951,eucalyptus diversicolor
Eucalyptus diversicolor,Eucalyptus,Symphyomyrtus,Inclusae,,,diversicolor,,Stem,R260/T07,CCA4952,eucalyptus diversicolor
Eucalyptus diversicolor,Eucalyptus,Symphyomyrtus,Inclusae,,,diversicolor,,Stem,R260/T08,CCA4953,eucalyptus diversicolor
Eucalyptus cladocalyx subsp. crassa,Eucalyptus,Symphyomyrtus,Sejunctae,,,cladocalyx,crassa,Stem,R075/T10,CCA1353,eucalyptus cladocalyx subsp. crassa
Eucalyptus cladocalyx subsp. crassa,Eucalyptus,Symphyomyrtus,Sejunctae,,,cladocalyx,crassa,Stem,R075/T12,CCA1354,eucalyptus cladocalyx subsp. crassa
Eucalyptus cladocalyx subsp. crassa,Eucalyptus,Symphyomyrtus,Sejunctae,,,cladocalyx,crassa,Stem,R075/T13,CCA1355,eucalyptus cladocalyx subsp. crassa
Eucalyptus cladocalyx subsp. petila,Eucalyptus,Symphyomyrtus,Sejunctae,,,cladocalyx,petila,Stem,R119/T01,CCA2439,eucalyptus cladocalyx subsp. petila
Eucalyptus cladocalyx subsp. petila,Eucalyptus,Symphyomyrtus,Sejunctae,,,cladocalyx,petila,Stem,R119/T02,CCA2440,eucalyptus cladocalyx subsp. petila
Eucalyptus cladocalyx subsp. petila,Eucalyptus,Symphyomyrtus,Sejunctae,,,cladocalyx,petila,Stem,R119/T03,CCA2441,eucalyptus cladocalyx subsp. petila
Eucalyptus cladocalyx subsp. petila,Eucalyptus,Symphyomyrtus,Sejunctae,,,cladocalyx,petila,Stem,R119/T04,CCA2442,eucalyptus cladocalyx subsp. petila
Eucalyptus cladocalyx subsp. petila,Eucalyptus,Symphyomyrtus,Sejunctae,,,cladocalyx,petila,Stem,R119/T05,CCA2443,eucalyptus cladocalyx subsp. petila
Eucalyptus cladocalyx subsp. petila,Eucalyptus,Symphyomyrtus,Sejunctae,,,cladocalyx,petila,Stem,R119/T06,CCA2444,eucalyptus cladocalyx subsp. petila
Eucalyptus cladocalyx subsp. petila,Eucalyptus,Symphyomyrtus,Sejunctae,,,cladocalyx,petila,Stem,R119/T07,CCA2445,eucalyptus cladocalyx subsp. petila
Eucalyptus cladocalyx subsp. petila,Eucalyptus,Symphyomyrtus,Sejunctae,,,cladocalyx,petila,Stem,R119/T08,CCA2446,eucalyptus cladocalyx subsp. petila
Eucalyptus cladocalyx subsp. petila,Eucalyptus,Symphyomyrtus,Sejunctae,,,cladocalyx,petila,Stem,R119/T09,CCA2447,eucalyptus cladocalyx subsp. petila
Eucalyptus cladocalyx subsp. petila,Eucalyptus,Symphyomyrtus,Sejunctae,,,cladocalyx,petila,Stem,R119/T10,CCA2448,eucalyptus cladocalyx subsp. petila
Eucalyptus cladocalyx subsp. petila,Eucalyptus,Symphyomyrtus,Sejunctae,,,cladocalyx,petila,Stem,R119/T11,CCA2449,eucalyptus cladocalyx subsp. petila
Eucalyptus cladocalyx subsp. petila,Eucalyptus,Symphyomyrtus,Sejunctae,,,cladocalyx,petila,Stem,R119/T12,CCA2450,eucalyptus cladocalyx subsp. petila
Eucalyptus cladocalyx subsp. petila,Eucalyptus,Symphyomyrtus,Sejunctae,,,cladocalyx,petila,Stem,R119/T13,CCA2451,eucalyptus cladocalyx subsp. petila
Eucalyptus cladocalyx subsp. petila,Eucalyptus,Symphyomyrtus,Sejunctae,,,cladocalyx,petila,Stem,R119/T14,CCA2452,eucalyptus cladocalyx subsp. petila
Eucalyptus cladocalyx subsp. petila,Eucalyptus,Symphyomyrtus,Sejunctae,,,cladocalyx,petila,Stem,R119/T15,CCA2453,eucalyptus cladocalyx subsp. petila
Eucalyptus cladocalyx subsp. petila,Eucalyptus,Symphyomyrtus,Sejunctae,,,cladocalyx,petila,Stem,R119/T16,CCA2454,eucalyptus cladocalyx subsp. petila
Eucalyptus cladocalyx subsp. petila,Eucalyptus,Symphyomyrtus,Sejunctae,,,cladocalyx,petila,Stem,R119/T17,CCA2455,eucalyptus cladocalyx subsp. petila
Eucalyptus cladocalyx subsp. petila,Eucalyptus,Symphyomyrtus,Sejunctae,,,cladocalyx,petila,Stem,R119/T18,CCA2456,eucalyptus cladocalyx subsp. petila
Eucalyptus cladocalyx subsp. petila,Eucalyptus,Symphyomyrtus,Sejunctae,,,cladocalyx,petila,Stem,R119/T19,CCA2457,eucalyptus cladocalyx subsp. petila
Eucalyptus cladocalyx subsp. petila,Eucalyptus,Symphyomyrtus,Sejunctae,,,cladocalyx,petila,Stem,R119/T20,CCA2458,eucalyptus cladocalyx subsp. petila
Eucalyptus cladocalyx subsp. petila,Eucalyptus,Symphyomyrtus,Sejunctae,,,cladocalyx,petila,Stem,R119/T21,CCA2459,eucalyptus cladocalyx subsp. petila
Eucalyptus cladocalyx subsp. petila,Eucalyptus,Symphyomyrtus,Sejunctae,,,cladocalyx,petila,Stem,R119/T22,CCA2460,eucalyptus cladocalyx subsp. petila
Eucalyptus cladocalyx subsp. petila,Eucalyptus,Symphyomyrtus,Sejunctae,,,cladocalyx,petila,Stem,R119/T23,CCA2461,eucalyptus cladocalyx subsp. petila
Eucalyptus cladocalyx subsp. petila,Eucalyptus,Symphyomyrtus,Sejunctae,,,cladocalyx,petila,Stem,R119/T24,CCA2462,eucalyptus cladocalyx subsp. petila
Eucalyptus cladocalyx subsp. petila,Eucalyptus,Symphyomyrtus,Sejunctae,,,cladocalyx,petila,Stem,R119/T25,CCA2463,eucalyptus cladocalyx subsp. petila
Eucalyptus cladocalyx subsp. petila,Eucalyptus,Symphyomyrtus,Sejunctae,,,cladocalyx,petila,Stem,R119/T26,CCA2464,eucalyptus cladocalyx subsp. petila
Eucalyptus cladocalyx subsp. petila,Eucalyptus,Symphyomyrtus,Sejunctae,,,cladocalyx,petila,Stem,R119/T27,CCA2465,eucalyptus cladocalyx subsp. petila
Eucalyptus cladocalyx subsp. petila,Eucalyptus,Symphyomyrtus,Sejunctae,,,cladocalyx,petila,Stem,R119/T28,CCA2466,eucalyptus cladocalyx subsp. petila
Eucalyptus cladocalyx subsp. petila,Eucalyptus,Symphyomyrtus,Sejunctae,,,cladocalyx,petila,Stem,R119/T29,CCA2467,eucalyptus cladocalyx subsp. petila
Eucalyptus cladocalyx subsp. petila,Eucalyptus,Symphyomyrtus,Sejunctae,,,cladocalyx,petila,Stem,R119/T30,CCA2468,eucalyptus cladocalyx subsp. petila
Eucalyptus cladocalyx subsp. petila,Eucalyptus,Symphyomyrtus,Sejunctae,,,cladocalyx,petila,Stem,R119/T31,CCA2469,eucalyptus cladocalyx subsp. petila
Eucalyptus cladocalyx subsp. petila,Eucalyptus,Symphyomyrtus,Sejunctae,,,cladocalyx,petila,Stem,R119/T32,CCA2470,eucalyptus cladocalyx subsp. petila
Eucalyptus cladocalyx subsp. petila,Eucalyptus,Symphyomyrtus,Sejunctae,,,cladocalyx,petila,Stem,R119/T33,CCA2471,eucalyptus cladocalyx subsp. petila
Eucalyptus cladocalyx subsp. petila,Eucalyptus,Symphyomyrtus,Sejunctae,,,cladocalyx,petila,Stem,R119/T34,CCA2472,eucalyptus cladocalyx subsp. petila
Eucalyptus cladocalyx subsp. petila,Eucalyptus,Symphyomyrtus,Sejunctae,,,cladocalyx,petila,Stem,R119/T35,CCA2473,eucalyptus cladocalyx subsp. petila
Eucalyptus cladocalyx subsp. petila,Eucalyptus,Symphyomyrtus,Sejunctae,,,cladocalyx,petila,Stem,R119/T36,CCA2474,eucalyptus cladocalyx subsp. petila
Eucalyptus cladocalyx subsp. petila,Eucalyptus,Symphyomyrtus,Sejunctae,,,cladocalyx,petila,Stem,R119/T37,CCA2475,eucalyptus cladocalyx subsp. petila
Eucalyptus cladocalyx subsp. petila,Eucalyptus,Symphyomyrtus,Sejunctae,,,cladocalyx,petila,Stem,R174/T17,CCA3494,eucalyptus cladocalyx subsp. petila
Eucalyptus cladocalyx subsp. petila,Eucalyptus,Symphyomyrtus,Sejunctae,,,cladocalyx,petila,Stem,R174/T18,CCA3495,eucalyptus cladocalyx subsp. petila
Eucalyptus cladocalyx subsp. petila,Eucalyptus,Symphyomyrtus,Sejunctae,,,cladocalyx,petila,Stem,R174/T19,CCA3496,eucalyptus cladocalyx subsp. petila
Eucalyptus cladocalyx subsp. petila,Eucalyptus,Symphyomyrtus,Sejunctae,,,cladocalyx,petila,Stem,R174/T20,CCA3497,eucalyptus cladocalyx subsp. petila
Eucalyptus patellaris,Eucalyptus,Symphyomyrtus,Adnataria,Striolatae,,patellaris,,Combination,,,eucalyptus patellaris
Eucalyptus leptophleba,Eucalyptus,Symphyomyrtus,Adnataria,Striolatae,,leptophleba,,Combination,,,eucalyptus leptophleba
Eucalyptus oligantha,Eucalyptus,Symphyomyrtus,Adnataria,Striolatae,,oligantha,,Combination,,,eucalyptus oligantha
Eucalyptus koolpinensis,Eucalyptus,Symphyomyrtus,Adnataria,Striolatae,,koolpinensis,,Combination,,,eucalyptus koolpinensis
Eucalyptus chlorophylla,Eucalyptus,Symphyomyrtus,Adnataria,Striolatae,,chlorophylla,,Combination,,,eucalyptus chlorophylla
Eucalyptus leucophylla,Eucalyptus,Symphyomyrtus,Adnataria,Striolatae,,leucophylla,,Combination,,,eucalyptus leucophylla
Eucalyptus xerothermica,Eucalyptus,Symphyomyrtus,Adnataria,Striolatae,,xerothermica,,Combination,,,eucalyptus xerothermica
Eucalyptus argillacea,Eucalyptus,Symphyomyrtus,Adnataria,Striolatae,,argillacea,,Combination,,,eucalyptus argillacea
Eucalyptus pruinosa,Eucalyptus,Symphyomyrtus,Adnataria,Striolatae,,pruinosa,,Combination,,,eucalyptus pruinosa
Eucalyptus pruinosa subsp. pruinosa,Eucalyptus,Symphyomyrtus,Adnataria,Striolatae,,pruinosa,,Combination,,,eucalyptus pruinosa subsp. pruinosa
Eucalyptus pruinosa subsp. tenuata,Eucalyptus,Symphyomyrtus,Adnataria,Striolatae,,pruinosa,,Combination,,,eucalyptus pruinosa subsp. tenuata
Eucalyptus obconica,Eucalyptus,Symphyomyrtus,Adnataria,Striolatae,,obconica,,Combination,,,eucalyptus obconica
Eucalyptus microneura,Eucalyptus,Symphyomyrtus,Adnataria,Striolatae,,microneura,,Combination,,,eucalyptus microneura
Eucalyptus distans,Eucalyptus,Symphyomyrtus,Adnataria,Striolatae,,distans,,Combination,,,eucalyptus distans
Eucalyptus tectifica,Eucalyptus,Symphyomyrtus,Adnataria,Striolatae,,tectifica,,Combination,,,eucalyptus tectifica
Eucalyptus acroleuca,Eucalyptus,Symphyomyrtus,Adnataria,Striolatae,,acroleuca,,Combination,,,eucalyptus acroleuca
Eucalyptus microtheca,Eucalyptus,Symphyomyrtus,Adnataria,Striolatae,,microtheca,,Combination,,,eucalyptus microtheca
Eucalyptus coolabah,Eucalyptus,Symphyomyrtus,Adnataria,Striolatae,,coolabah,,Combination,,,eucalyptus coolabah
Eucalyptus victrix,Eucalyptus,Symphyomyrtus,Adnataria,Striolatae,,victrix,,Combination,,,eucalyptus victrix
Eucalyptus dawsonii,Eucalyptus,Symphyomyrtus,Adnataria,Buxeales,Amissae,dawsonii,,Combination,,,eucalyptus dawsonii
Eucalyptus rummeryi,Eucalyptus,Symphyomyrtus,Adnataria,Buxeales,Amissae,rummeryi,,Combination,,,eucalyptus rummeryi
Eucalyptus cambageana,Eucalyptus,Symphyomyrtus,Adnataria,Buxeales,Amissae,cambageana,,Combination,,,eucalyptus cambageana
Eucalyptus largeana,Eucalyptus,Symphyomyrtus,Adnataria,Buxeales,Amissae,largeana,,Combination,,,eucalyptus largeana
Eucalyptus largiflorens,Eucalyptus,Symphyomyrtus,Adnataria,Buxeales,Subplatyphyllae,largiflorens,,Combination,,,eucalyptus largiflorens
Eucalyptus persistens,Eucalyptus,Symphyomyrtus,Adnataria,Buxeales,Subplatyphyllae,persistens,,Combination,,,eucalyptus persistens
Eucalyptus provecta,Eucalyptus,Symphyomyrtus,Adnataria,Buxeales,Subplatyphyllae,provecta,,Combination,,,eucalyptus provecta
Eucalyptus tardecidens,Eucalyptus,Symphyomyrtus,Adnataria,Buxeales,Subplatyphyllae,tardecidens,,Combination,,,eucalyptus tardecidens
Eucalyptus normantonensis,Eucalyptus,Symphyomyrtus,Adnataria,Buxeales,Subplatyphyllae,normantonensis,,Lignotuber,,,eucalyptus normantonensis
Eucalyptus sparsa,Eucalyptus,Symphyomyrtus,Adnataria,Buxeales,Subplatyphyllae,sparsa,,Lignotuber,,,eucalyptus sparsa
Eucalyptus populnea,Eucalyptus,Symphyomyrtus,Adnataria,Buxeales,Subplatyphyllae,populnea,,Combination,,,eucalyptus populnea
Eucalyptus populnea subsp. populnea,Eucalyptus,Symphyomyrtus,Adnataria,Buxeales,Subplatyphyllae,populnea,populnea,Combination,,,eucalyptus populnea subsp. populnea
Eucalyptus populnea subsp. bimbil,Eucalyptus,Symphyomyrtus,Adnataria,Buxeales,Subplatyphyllae,populnea,bimbil,Combination,,,eucalyptus populnea subsp. bimbil
Eucalyptus brownii,Eucalyptus,Symphyomyrtus,Adnataria,Buxeales,Subplatyphyllae,brownii,,Combination,,,eucalyptus brownii
Eucalyptus behriana,Eucalyptus,Symphyomyrtus,Adnataria,Buxeales,Subplatyphyllae,behriana,,Lignotuber,,,eucalyptus behriana
Eucalyptus intertexta,Eucalyptus,Symphyomyrtus,Adnataria,Buxeales,Subplatyphyllae,intertexta,,Combination,,,eucalyptus intertexta
Eucalyptus intertexta subsp. intertexta,Eucalyptus,Symphyomyrtus,Adnataria,Buxeales,Subplatyphyllae,intertexta,intertexta,Combination,,,eucalyptus intertexta subsp. intertexta
Eucalyptus intertexta subsp. Central Australia,Eucalyptus,Symphyomyrtus,Adnataria,Buxeales,Subplatyphyllae,intertexta,Central Australia,Combination,,,eucalyptus intertexta subsp. central australia
Eucalyptus orgadophila,Eucalyptus,Symphyomyrtus,Adnataria,Buxeales,Subplatyphyllae,orgadophila,,Combination,,,eucalyptus orgadophila
Eucalyptus lansdowneana,Eucalyptus,Symphyomyrtus,Adnataria,Lucasianae,,lansdowneana,,Lignotuber,,,eucalyptus lansdowneana
Eucalyptus rowleyi,Eucalyptus,Symphyomyrtus,Adnataria,Lucasianae,,rowleyi,,Lignotuber,,,eucalyptus rowleyi
Eucalyptus aridomontana,Eucalyptus,Symphyomyrtus,Adnataria,Lucasianae,,aridomontana,,Lignotuber,,,eucalyptus aridomontana
Eucalyptus lucasii,Eucalyptus,Symphyomyrtus,Adnataria,Lucasianae,,lucasii,,Lignotuber,,,eucalyptus lucasii
Eucalyptus petraea,Eucalyptus,Symphyomyrtus,Adnataria,Lucasianae,,petraea,,Lignotuber,,,eucalyptus petraea
Eucalyptus cuprea,Eucalyptus,Symphyomyrtus,Adnataria,Lucasianae,,cuprea,,Lignotuber,,,eucalyptus cuprea
Eucalyptus absita,Eucalyptus,Symphyomyrtus,Adnataria,Lucasianae,,absita,,Lignotuber,,,eucalyptus absita
Eucalyptus albens,Eucalyptus,Symphyomyrtus,Adnataria,Subbuxeales,,albens,,Combination,,,eucalyptus albens
Eucalyptus sp. Mt Garnet,Eucalyptus,Symphyomyrtus,Adnataria,Subbuxeales,,sp. Mt Garnet,,Combination,,,eucalyptus sp. mt garnet
Eucalyptus moluccana,Eucalyptus,Symphyomyrtus,Adnataria,Subbuxeales,,moluccana,,Combination,,,eucalyptus moluccana
Eucalyptus sp. Adelaide,Eucalyptus,Symphyomyrtus,Adnataria,Subbuxeales,,sp. Adelaide,,Combination,,,eucalyptus sp. adelaide
Eucalyptus microcarpa,Eucalyptus,Symphyomyrtus,Adnataria,Subbuxeales,,microcarpa,,Combination,,,eucalyptus microcarpa
Eucalyptus woollsiana,Eucalyptus,Symphyomyrtus,Adnataria,Subbuxeales,,woollsiana,,Combination,,,eucalyptus woollsiana
Eucalyptus albopurpurea,Eucalyptus,Symphyomyrtus,Adnataria,Subbuxeales,,albopurpurea,,Lignotuber,,,eucalyptus albopurpurea
Eucalyptus polybractea,Eucalyptus,Symphyomyrtus,Adnataria,Subbuxeales,,polybractea,,Lignotuber,,,eucalyptus polybractea
Eucalyptus odorata,Eucalyptus,Symphyomyrtus,Adnataria,Subbuxeales,,odorata,,Combination,,,eucalyptus odorata
Eucalyptus cajuputea,Eucalyptus,Symphyomyrtus,Adnataria,Subbuxeales,,cajuputea,,Combination,,,eucalyptus cajuputea
Eucalyptus wimmerensis,Eucalyptus,Symphyomyrtus,Adnataria,Subbuxeales,,wimmerensis,,Lignotuber,,,eucalyptus wimmerensis
Eucalyptus aenea,Eucalyptus,Symphyomyrtus,Adnataria,Subbuxeales,,aenea,,Lignotuber,,,eucalyptus aenea
Eucalyptus viridis,Eucalyptus,Symphyomyrtus,Adnataria,Subbuxeales,,viridis,,Lignotuber,,,eucalyptus viridis
Eucalyptus froggattii,Eucalyptus,Symphyomyrtus,Adnataria,Subbuxeales,,froggattii,,Lignotuber,,,eucalyptus froggattii
Eucalyptus thozetiana,Eucalyptus,Symphyomyrtus,Adnataria,Subbuxeales,,thozetiana,,Combination,,,eucalyptus thozetiana
Eucalyptus ochrophloia,Eucalyptus,Symphyomyrtus,Adnataria,Subbuxeales,,ochrophloia,,Combination,,,eucalyptus ochrophloia
Eucalyptus × castrensis,Eucalyptus,Symphyomyrtus,Adnataria,Subbuxeales,,× castrensis,,Lignotuber,,,eucalyptus × castrensis
Eucalyptus × 'desquamata' ms,Eucalyptus,Symphyomyrtus,Adnataria,Subbuxeales,,× 'desquamata' ms,,Lignotuber,,,eucalyptus × 'desquamata' ms
Eucalyptus × hawkeri,Eucalyptus,Symphyomyrtus,Adnataria,Subbuxeales,,× hawkeri,,Lignotuber,,,eucalyptus × hawkeri
Eucalyptus × viridis var. latiuscula,Eucalyptus,Symphyomyrtus,Adnataria,Subbuxeales,,× viridis var. latiuscula,,Lignotuber,,,eucalyptus × viridis var. latiuscula
Eucalyptus × walshii,Eucalyptus,Symphyomyrtus,Adnataria,Subbuxeales,,× walshii,,Lignotuber,,,eucalyptus × walshii
Eucalyptus × yarriambiack,Eucalyptus,Symphyomyrtus,Adnataria,Subbuxeales,,× yarriambiack,,Combination,,,eucalyptus × yarriambiack
Eucalyptus argophloia,Eucalyptus,Symphyomyrtus,Adnataria,Submelliodorae,,argophloia,,Combination,,,eucalyptus argophloia
Eucalyptus beaniana,Eucalyptus,Symphyomyrtus,Adnataria,Siderophloiae,,beaniana,,Combination,,,eucalyptus beaniana
Eucalyptus decorticans,Eucalyptus,Symphyomyrtus,Adnataria,Siderophloiae,,decorticans,,Combination,,,eucalyptus decorticans
Eucalyptus granitica,Eucalyptus,Symphyomyrtus,Adnataria,Siderophloiae,,granitica,,Combination,,,eucalyptus granitica
Eucalyptus siderophloia,Eucalyptus,Symphyomyrtus,Adnataria,Siderophloiae,,siderophloia,,Combination,,,eucalyptus siderophloia
Eucalyptus fibrosa,Eucalyptus,Symphyomyrtus,Adnataria,Siderophloiae,,fibrosa,,Combination,,,eucalyptus fibrosa
Eucalyptus nubilis,Eucalyptus,Symphyomyrtus,Adnataria,Siderophloiae,,nubilis,,Combination,,,eucalyptus nubilis
Eucalyptus rhombica,Eucalyptus,Symphyomyrtus,Adnataria,Siderophloiae,,rhombica,,Combination,,,eucalyptus rhombica
Eucalyptus ophitica,Eucalyptus,Symphyomyrtus,Adnataria,Siderophloiae,,ophitica,,Combination,,,eucalyptus ophitica
Eucalyptus fracta,Eucalyptus,Symphyomyrtus,Adnataria,Siderophloiae,,fracta,,Combination,,,eucalyptus fracta
Eucalyptus tholoformis,Eucalyptus,Symphyomyrtus,Adnataria,Siderophloiae,,tholoformis,,Combination,,,eucalyptus tholoformis
Eucalyptus taurina,Eucalyptus,Symphyomyrtus,Adnataria,Siderophloiae,,taurina,,Combination,,,eucalyptus taurina
Eucalyptus elegans,Eucalyptus,Symphyomyrtus,Adnataria,Siderophloiae,,elegans,,Combination,,,eucalyptus elegans
Eucalyptus crebra,Eucalyptus,Symphyomyrtus,Adnataria,Siderophloiae,,crebra,,Combination,,,eucalyptus crebra
Eucalyptus beyeri,Eucalyptus,Symphyomyrtus,Adnataria,Siderophloiae,,beyeri,,Combination,,,eucalyptus beyeri
Eucalyptus panda,Eucalyptus,Symphyomyrtus,Adnataria,Siderophloiae,,panda,,Combination,,,eucalyptus panda
Eucalyptus virens,Eucalyptus,Symphyomyrtus,Adnataria,Siderophloiae,,virens,,Combination,,,eucalyptus virens
Eucalyptus scopulorum,Eucalyptus,Symphyomyrtus,Adnataria,Siderophloiae,,scopulorum,,Combination,,,eucalyptus scopulorum
Eucalyptus atrata,Eucalyptus,Symphyomyrtus,Adnataria,Siderophloiae,,atrata,,Combination,,,eucalyptus atrata
Eucalyptus paedoglauca,Eucalyptus,Symphyomyrtus,Adnataria,Siderophloiae,,paedoglauca,,Combination,,,eucalyptus paedoglauca
Eucalyptus drepanophylla,Eucalyptus,Symphyomyrtus,Adnataria,Siderophloiae,,drepanophylla,,Combination,,,eucalyptus drepanophylla
Eucalyptus quadricostata,Eucalyptus,Symphyomyrtus,Adnataria,Siderophloiae,,quadricostata,,Combination,,,eucalyptus quadricostata
Eucalyptus farinosa,Eucalyptus,Symphyomyrtus,Adnataria,Siderophloiae,,farinosa,,Combination,,,eucalyptus farinosa
Eucalyptus caleyi,Eucalyptus,Symphyomyrtus,Adnataria,Siderophloiae,,caleyi,,Combination,,,eucalyptus caleyi
Eucalyptus caleyi subsp. ovendenii,Eucalyptus,Symphyomyrtus,Adnataria,Siderophloiae,,caleyi,ovendenii,Combination,,,eucalyptus caleyi subsp. ovendenii
Eucalyptus caleyi subsp. caleyi,Eucalyptus,Symphyomyrtus,Adnataria,Siderophloiae,,caleyi,caleyi,Combination,,,eucalyptus caleyi subsp. caleyi
Eucalyptus exilipes,Eucalyptus,Symphyomyrtus,Adnataria,Siderophloiae,,exilipes,,Combination,,,eucalyptus exilipes
Eucalyptus cullenii,Eucalyptus,Symphyomyrtus,Adnataria,Siderophloiae,,cullenii,,Combination,,,eucalyptus cullenii
Eucalyptus staigeriana,Eucalyptus,Symphyomyrtus,Adnataria,Siderophloiae,,staigeriana,,Combination,,,eucalyptus staigeriana
Eucalyptus jensenii,Eucalyptus,Symphyomyrtus,Adnataria,Siderophloiae,,jensenii,,Combination,,,eucalyptus jensenii
Eucalyptus whitei,Eucalyptus,Symphyomyrtus,Adnataria,Siderophloiae,,whitei,,Combination,,,eucalyptus whitei
Eucalyptus melanophloia,Eucalyptus,Symphyomyrtus,Adnataria,Siderophloiae,,melanophloia,,Combination,,,eucalyptus melanophloia
Eucalyptus melanophloia subsp. melanophloia,Eucalyptus,Symphyomyrtus,Adnataria,Siderophloiae,,melanophloia,melanophloia,Combination,,,eucalyptus melanophloia subsp. melanophloia
Eucalyptus melanophloia subsp. nana,Eucalyptus,Symphyomyrtus,Adnataria,Siderophloiae,,melanophloia,nana,Combination,,,eucalyptus melanophloia subsp. nana
Eucalyptus shirleyi,Eucalyptus,Symphyomyrtus,Adnataria,Siderophloiae,,shirleyi,,Combination,,,eucalyptus shirleyi
Eucalyptus 'dorsiventralis' ms,Eucalyptus,Symphyomyrtus,Adnataria,Rhodoxyla,Discolores,'dorsiventralis' ms,,Combination,,,eucalyptus 'dorsiventralis' ms
Eucalyptus paniculata,Eucalyptus,Symphyomyrtus,Adnataria,Rhodoxyla,Discolores,paniculata,,Combination,,,eucalyptus paniculata
Eucalyptus fergusonii,Eucalyptus,Symphyomyrtus,Adnataria,Rhodoxyla,Discolores,fergusonii,,Combination,,,eucalyptus fergusonii
Eucalyptus ancophila,Eucalyptus,Symphyomyrtus,Adnataria,Rhodoxyla,Discolores,ancophila,,Combination,,,eucalyptus ancophila
Eucalyptus decolor,Eucalyptus,Symphyomyrtus,Adnataria,Rhodoxyla,Discolores,decolor,,Combination,,,eucalyptus decolor
Eucalyptus tetrapleura,Eucalyptus,Symphyomyrtus,Adnataria,Rhodoxyla,Concolores,tetrapleura,,Combination,,,eucalyptus tetrapleura
Eucalyptus fusiformis,Eucalyptus,Symphyomyrtus,Adnataria,Rhodoxyla,Concolores,fusiformis,,Combination,,,eucalyptus fusiformis
Eucalyptus sicilifolia,Eucalyptus,Symphyomyrtus,Adnataria,Rhodoxyla,Concolores,sicilifolia,,Combination,,,eucalyptus sicilifolia
Eucalyptus suffulgens,Eucalyptus,Symphyomyrtus,Adnataria,Rhodoxyla,Concolores,suffulgens,,Combination,,,eucalyptus suffulgens
Eucalyptus dura,Eucalyptus,Symphyomyrtus,Adnataria,Rhodoxyla,Concolores,dura,,Combination,,,eucalyptus dura
Eucalyptus melanoleuca,Eucalyptus,Symphyomyrtus,Adnataria,Rhodoxyla,Concolores,melanoleuca,,Combination,,,eucalyptus melanoleuca
Eucalyptus corynodes,Eucalyptus,Symphyomyrtus,Adnataria,Rhodoxyla,Concolores,corynodes,,Combination,,,eucalyptus corynodes
Eucalyptus lucens,Eucalyptus,Symphyomyrtus,Adnataria,Heterophloiae,,lucens,,Lignotuber,,,eucalyptus lucens
Eucalyptus fasciculosa,Eucalyptus,Symphyomyrtus,Adnataria,Heterophloiae,,fasciculosa,,Combination,,,eucalyptus fasciculosa
Eucalyptus polyanthemos,Eucalyptus,Symphyomyrtus,Adnataria,Heterophloiae,,polyanthemos,,Combination,,,eucalyptus polyanthemos
Eucalyptus polyanthemos subsp. polyanthemos,Eucalyptus,Symphyomyrtus,Adnataria,Heterophloiae,,polyanthemos,polyanthemos,Combination,,,eucalyptus polyanthemos subsp. polyanthemos
Eucalyptus polyanthemos subsp. vestita,Eucalyptus,Symphyomyrtus,Adnataria,Heterophloiae,,polyanthemos,vestita,Combination,,,eucalyptus polyanthemos subsp. vestita
Eucalyptus polyanthemos subsp. marginalis,Eucalyptus,Symphyomyrtus,Adnataria,Heterophloiae,,polyanthemos,marginalis,Combination,,,eucalyptus polyanthemos subsp. marginalis
Eucalyptus baueriana,Eucalyptus,Symphyomyrtus,Adnataria,Heterophloiae,,baueriana,,Combination,,,eucalyptus baueriana
Eucalyptus magnificata,Eucalyptus,Symphyomyrtus,Adnataria,Heterophloiae,,magnificata,,Combination,,,eucalyptus magnificata
Eucalyptus conica,Eucalyptus,Symphyomyrtus,Adnataria,Heterophloiae,,conica,,Combination,,,eucalyptus conica
Eucalyptus rudderi,Eucalyptus,Symphyomyrtus,Adnataria,Heterophloiae,,rudderi,,Combination,,,eucalyptus rudderi
Eucalyptus hypostomatica,Eucalyptus,Symphyomyrtus,Adnataria,Heterophloiae,,hypostomatica,,Combination,,,eucalyptus hypostomatica
Eucalyptus porosa,Eucalyptus,Symphyomyrtus,Adnataria,Melliodorae,,porosa,,Combination,,,eucalyptus porosa
Eucalyptus bosistoana,Eucalyptus,Symphyomyrtus,Adnataria,Melliodorae,,bosistoana,,Combination,,,eucalyptus bosistoana
Eucalyptus melliodora,Eucalyptus,Symphyomyrtus,Adnataria,Melliodorae,,melliodora,,Combination,,,eucalyptus melliodora
Eucalyptus sideroxylon,Eucalyptus,Symphyomyrtus,Adnataria,Melliodorae,,sideroxylon,,Combination,,,eucalyptus sideroxylon
Eucalyptus tricarpa,Eucalyptus,Symphyomyrtus,Adnataria,Melliodorae,,tricarpa,,Combination,,,eucalyptus tricarpa
Eucalyptus leucoxylon,Eucalyptus,Symphyomyrtus,Adnataria,Melliodorae,,leucoxylon,,Combination,,,eucalyptus leucoxylon
Eucalyptus leucoxylon subsp. stephaniae,Eucalyptus,Symphyomyrtus,Adnataria,Melliodorae,,leucoxylon,stephaniae,Combination,,,eucalyptus leucoxylon subsp. stephaniae
Eucalyptus leucoxylon subsp. pruinosa,Eucalyptus,Symphyomyrtus,Adnataria,Melliodorae,,leucoxylon,pruinosa,Combination,,,eucalyptus leucoxylon subsp. pruinosa
Eucalyptus leucoxylon subsp. bellarinensis,Eucalyptus,Symphyomyrtus,Adnataria,Melliodorae,,leucoxylon,bellarinensis,Combination,,,eucalyptus leucoxylon subsp. bellarinensis
Eucalyptus leucoxylon subsp. leucoxylon,Eucalyptus,Symphyomyrtus,Adnataria,Melliodorae,,leucoxylon,leucoxylon,Combination,,,eucalyptus leucoxylon subsp. leucoxylon
Eucalyptus leucoxylon subsp. megalocarpa,Eucalyptus,Symphyomyrtus,Adnataria,Melliodorae,,leucoxylon,megalocarpa,Combination,,,eucalyptus leucoxylon subsp. megalocarpa
Eucalyptus petiolaris,Eucalyptus,Symphyomyrtus,Adnataria,Melliodorae,,petiolaris,,Combination,,,eucalyptus petiolaris
Eucalyptus hallii,Eucalyptus,Symphyomyrtus,Exsertaria,Connexentes,,hallii,,Combination,,,eucalyptus hallii
Eucalyptus broviniensis,Eucalyptus,Symphyomyrtus,Exsertaria,Connexentes,,broviniensis,,Combination,,,eucalyptus broviniensis
Eucalyptus major,Eucalyptus,Symphyomyrtus,Exsertaria,Connexentes,,major,,Combination,,,eucalyptus major
Eucalyptus propinqua,Eucalyptus,Symphyomyrtus,Exsertaria,Connexentes,,propinqua,,Combination,,,eucalyptus propinqua
Eucalyptus prava,Eucalyptus,Symphyomyrtus,Exsertaria,'Liberivalvae' ms,,prava,,Combination,,,eucalyptus prava
Eucalyptus bancroftii,Eucalyptus,Symphyomyrtus,Exsertaria,'Liberivalvae' ms,,bancroftii,,Combination,,,eucalyptus bancroftii
Eucalyptus disclusa,Eucalyptus,Symphyomyrtus,Exsertaria,'Liberivalvae' ms,,disclusa,,Combination,,,eucalyptus disclusa
Eucalyptus interstans,Eucalyptus,Symphyomyrtus,Exsertaria,'Liberivalvae' ms,,interstans,,Combination,,,eucalyptus interstans
Eucalyptus seeana,Eucalyptus,Symphyomyrtus,Exsertaria,'Liberivalvae' ms,,seeana,,Combination,,,eucalyptus seeana
Eucalyptus parramattensis,Eucalyptus,Symphyomyrtus,Exsertaria,'Liberivalvae' ms,,parramattensis,,Combination,,,eucalyptus parramattensis
Eucalyptus parramattensis subsp. decadens,Eucalyptus,Symphyomyrtus,Exsertaria,'Liberivalvae' ms,,parramattensis,decadens,Combination,,,eucalyptus parramattensis subsp. decadens
Eucalyptus parramattensis subsp. parramattensis,Eucalyptus,Symphyomyrtus,Exsertaria,'Liberivalvae' ms,,parramattensis,parramattensis,Combination,,,eucalyptus parramattensis subsp. parramattensis
Eucalyptus brassiana,Eucalyptus,Symphyomyrtus,Exsertaria,Exsertae,Exsertae,brassiana,,Combination,,,eucalyptus brassiana
Eucalyptus lockyeri,Eucalyptus,Symphyomyrtus,Exsertaria,Exsertae,Exsertae,lockyeri,,Combination,,,eucalyptus lockyeri
Eucalyptus insulana,Eucalyptus,Symphyomyrtus,Exsertaria,Exsertae,Exsertae,insulana,,Combination,,,eucalyptus insulana
Eucalyptus ammophila,Eucalyptus,Symphyomyrtus,Exsertaria,Exsertae,Exsertae,ammophila,,Combination,,,eucalyptus ammophila
Eucalyptus exserta,Eucalyptus,Symphyomyrtus,Exsertaria,Exsertae,Exsertae,exserta,,Combination,,,eucalyptus exserta
Eucalyptus nudicaulis,Eucalyptus,Symphyomyrtus,Exsertaria,Exsertae,Exsertae,nudicaulis,,Lignotuber,,,eucalyptus nudicaulis
Eucalyptus gillenii,Eucalyptus,Symphyomyrtus,Exsertaria,Exsertae,Exsertae,gillenii,,Lignotuber,,,eucalyptus gillenii
Eucalyptus morrisii,Eucalyptus,Symphyomyrtus,Exsertaria,Exsertae,Exsertae,morrisii,,Lignotuber,,,eucalyptus morrisii
Eucalyptus infera,Eucalyptus,Symphyomyrtus,Exsertaria,Exsertae,Erythroxyla,infera,,Lignotuber,,,eucalyptus infera
Eucalyptus kabiana,Eucalyptus,Symphyomyrtus,Exsertaria,Exsertae,Erythroxyla,kabiana,,Lignotuber,,,eucalyptus kabiana
Eucalyptus amplifolia,Eucalyptus,Symphyomyrtus,Exsertaria,Exsertae,Erythroxyla,amplifolia,,Combination,,,eucalyptus amplifolia
Eucalyptus amplifolia subsp. sessiliflora,Eucalyptus,Symphyomyrtus,Exsertaria,Exsertae,Erythroxyla,amplifolia,sessiliflora,Combination,,,eucalyptus amplifolia subsp. sessiliflora
Eucalyptus amplifolia subsp. amplifolia,Eucalyptus,Symphyomyrtus,Exsertaria,Exsertae,Erythroxyla,amplifolia,amplifolia,Combination,,,eucalyptus amplifolia subsp. amplifolia
Eucalyptus 'rotunda' ms,Eucalyptus,Symphyomyrtus,Exsertaria,Exsertae,Erythroxyla,'rotunda' ms,,Combination,,,eucalyptus 'rotunda' ms
Eucalyptus tereticornis,Eucalyptus,Symphyomyrtus,Exsertaria,Exsertae,Erythroxyla,tereticornis,,Combination,,,eucalyptus tereticornis
Eucalyptus tereticornis subsp. mediana,Eucalyptus,Symphyomyrtus,Exsertaria,Exsertae,Erythroxyla,tereticornis,mediana,Combination,,,eucalyptus tereticornis subsp. mediana
Eucalyptus tereticornis subsp. tereticornis,Eucalyptus,Symphyomyrtus,Exsertaria,Exsertae,Erythroxyla,tereticornis,tereticornis,Combination,,,eucalyptus tereticornis subsp. tereticornis
Eucalyptus tereticornis subsp. basaltica,Eucalyptus,Symphyomyrtus,Exsertaria,Exsertae,Erythroxyla,tereticornis,basaltica,Combination,,,eucalyptus tereticornis subsp. basaltica
Eucalyptus glaucina,Eucalyptus,Symphyomyrtus,Exsertaria,Exsertae,Erythroxyla,glaucina,,Combination,,,eucalyptus glaucina
Eucalyptus chloroclada,Eucalyptus,Symphyomyrtus,Exsertaria,Exsertae,Erythroxyla,chloroclada,,Combination,,,eucalyptus chloroclada
Eucalyptus terrica,Eucalyptus,Symphyomyrtus,Exsertaria,Exsertae,Erythroxyla,terrica,,Combination,,,eucalyptus terrica
Eucalyptus blakelyi,Eucalyptus,Symphyomyrtus,Exsertaria,Exsertae,Erythroxyla,blakelyi,,Combination,,,eucalyptus blakelyi
Eucalyptus dealbata,Eucalyptus,Symphyomyrtus,Exsertaria,Exsertae,Erythroxyla,dealbata,,Uncertain,,,eucalyptus dealbata
Eucalyptus nandewarica,Eucalyptus,Symphyomyrtus,Exsertaria,Exsertae,Erythroxyla,nandewarica,,Uncertain,,,eucalyptus nandewarica
Eucalyptus vicina,Eucalyptus,Symphyomyrtus,Exsertaria,Exsertae,Erythroxyla,vicina,,Lignotuber,,,eucalyptus vicina
Eucalyptus dwyeri,Eucalyptus,Symphyomyrtus,Exsertaria,Exsertae,Erythroxyla,dwyeri,,Uncertain,,,eucalyptus dwyeri
Eucalyptus flindersii,Eucalyptus,Symphyomyrtus,Exsertaria,Exsertae,Erythroxyla,flindersii,,Lignotuber,,,eucalyptus flindersii
Eucalyptus rudis,Eucalyptus,Symphyomyrtus,Exsertaria,Exsertae,Rostratae,rudis,,Combination,,,eucalyptus rudis
Eucalyptus rudis subsp. rudis,Eucalyptus,Symphyomyrtus,Exsertaria,Exsertae,Rostratae,rudis,rudis,Combination,,,eucalyptus rudis subsp. rudis
Eucalyptus rudis subsp. cratyantha,Eucalyptus,Symphyomyrtus,Exsertaria,Exsertae,Rostratae,rudis,cratyantha,Combination,,,eucalyptus rudis subsp. cratyantha
Eucalyptus camaldulensis,Eucalyptus,Symphyomyrtus,Exsertaria,Exsertae,Rostratae,camaldulensis,,Combination,,,eucalyptus camaldulensis
Eucalyptus camaldulensis subsp. refulgens,Eucalyptus,Symphyomyrtus,Exsertaria,Exsertae,Rostratae,camaldulensis,refulgens,Combination,,,eucalyptus camaldulensis subsp. refulgens
Eucalyptus camaldulensis subsp. obtusa,Eucalyptus,Symphyomyrtus,Exsertaria,Exsertae,Rostratae,camaldulensis,obtusa,Combination,,,eucalyptus camaldulensis subsp. obtusa
Eucalyptus camaldulensis subsp. arida,Eucalyptus,Symphyomyrtus,Exsertaria,Exsertae,Rostratae,camaldulensis,arida,Combination,,,eucalyptus camaldulensis subsp. arida
Eucalyptus camaldulensis subsp. minima,Eucalyptus,Symphyomyrtus,Exsertaria,Exsertae,Rostratae,camaldulensis,minima,Combination,,,eucalyptus camaldulensis subsp. minima
Eucalyptus camaldulensis subsp. camaldulensis,Eucalyptus,Symphyomyrtus,Exsertaria,Exsertae,Rostratae,camaldulensis,camaldulensis,Combination,,,eucalyptus camaldulensis subsp. camaldulensis
Eucalyptus camaldulensis subsp. acuta,Eucalyptus,Symphyomyrtus,Exsertaria,Exsertae,Rostratae,camaldulensis,acuta,Combination,,,eucalyptus camaldulensis subsp. acuta
Eucalyptus camaldulensis subsp. simulata,Eucalyptus,Symphyomyrtus,Exsertaria,Exsertae,Rostratae,camaldulensis,simulata,Combination,,,eucalyptus camaldulensis subsp. simulata
Eucalyptus × mcintyrensis,Eucalyptus,Symphyomyrtus,Exsertaria,Exsertae,Rostratae,× mcintyrensis,,Combination,,,eucalyptus × mcintyrensis
Eucalyptus × oxypoma,Eucalyptus,Symphyomyrtus,Exsertaria,Exsertae,Rostratae,× oxypoma,,Combination,,,eucalyptus × oxypoma
Eucalyptus × studleyensis,Eucalyptus,Symphyomyrtus,Exsertaria,Exsertae,Rostratae,× studleyensis,,Combination,,,eucalyptus × studleyensis
Eucalyptus glomericassis,Eucalyptus,Symphyomyrtus,Exsertaria,Exsertae,Subexsertae,glomericassis,,Combination,,,eucalyptus glomericassis
Eucalyptus herbertiana,Eucalyptus,Symphyomyrtus,Exsertaria,Exsertae,Subexsertae,herbertiana,,Combination,,,eucalyptus herbertiana
Eucalyptus gregoriensis,Eucalyptus,Symphyomyrtus,Exsertaria,Exsertae,Subexsertae,gregoriensis,,Combination,,,eucalyptus gregoriensis
Eucalyptus cupularis,Eucalyptus,Symphyomyrtus,Exsertaria,Exsertae,Subexsertae,cupularis,,Combination,,,eucalyptus cupularis
Eucalyptus 'revelata' ms,Eucalyptus,Symphyomyrtus,Exsertaria,Exsertae,Subexsertae,'revelata' ms,,Combination,,,eucalyptus 'revelata' ms
Eucalyptus mooreana,Eucalyptus,Symphyomyrtus,Exsertaria,Exsertae,Subexsertae,mooreana,,Combination,,,eucalyptus mooreana
Eucalyptus pantoleuca,Eucalyptus,Symphyomyrtus,Exsertaria,Exsertae,Subexsertae,pantoleuca,,Combination,,,eucalyptus pantoleuca
Eucalyptus apodophylla,Eucalyptus,Symphyomyrtus,Exsertaria,Exsertae,Subexsertae,apodophylla,,Combination,,,eucalyptus apodophylla
Eucalyptus houseana,Eucalyptus,Symphyomyrtus,Exsertaria,Exsertae,Subexsertae,houseana,,Combination,,,eucalyptus houseana
Eucalyptus alba,Eucalyptus,Symphyomyrtus,Exsertaria,Exsertae,Subexsertae,alba,,Combination,,,eucalyptus alba
Eucalyptus alba subsp. var. alba,Eucalyptus,Symphyomyrtus,Exsertaria,Exsertae,Subexsertae,alba,var. alba,Combination,,,eucalyptus alba subsp. var. alba
Eucalyptus alba subsp. var. australasica,Eucalyptus,Symphyomyrtus,Exsertaria,Exsertae,Subexsertae,alba,var. australasica,Combination,,,eucalyptus alba subsp. var. australasica
Eucalyptus sp. Melville Island,Eucalyptus,Symphyomyrtus,Exsertaria,Exsertae,Subexsertae,sp. Melville Island,,Combination,,,eucalyptus sp. melville island
Eucalyptus tintinnans,Eucalyptus,Symphyomyrtus,Exsertaria,Exsertae,Subexsertae,tintinnans,,Combination,,,eucalyptus tintinnans
Eucalyptus bigalerita,Eucalyptus,Symphyomyrtus,Exsertaria,Exsertae,Subexsertae,bigalerita,,Combination,,,eucalyptus bigalerita
Eucalyptus sp. Arnhem Land,Eucalyptus,Symphyomyrtus,Exsertaria,Exsertae,Subexsertae,sp. Arnhem Land,,Combination,,,eucalyptus sp. arnhem land
Eucalyptus sp. Port Moresby,Eucalyptus,Symphyomyrtus,Exsertaria,Exsertae,Subexsertae,sp. Port Moresby,,Combination,,,eucalyptus sp. port moresby
Eucalyptus platyphylla,Eucalyptus,Symphyomyrtus,Exsertaria,Exsertae,Subexsertae,platyphylla,,Combination,,,eucalyptus platyphylla
Eucalyptus × apodophylla provecta,Eucalyptus,Symphyomyrtus,Exsertaria,Exsertae,Subexsertae,× apodophylla provecta,,Combination,,,eucalyptus × apodophylla provecta
Eucalyptus deanei,Eucalyptus,Symphyomyrtus,Maidenaria,Deaneanae' ms,,deanei,,Uncertain,,,eucalyptus deanei
Eucalyptus brunnea,Eucalyptus,Symphyomyrtus,Maidenaria,'Deaneanae' ms,,brunnea,,Uncertain,,,eucalyptus brunnea
Eucalyptus quadrangulata,Eucalyptus,Symphyomyrtus,Maidenaria,'Quadrangulatae' ms,,quadrangulata,,Combination,,,eucalyptus quadrangulata
Eucalyptus nitens,Eucalyptus,Symphyomyrtus,Maidenaria,'Remanentes' ms,,nitens,,Uncertain,,,eucalyptus nitens
Eucalyptus denticulata,Eucalyptus,Symphyomyrtus,Maidenaria,'Remanentes' ms,,denticulata,,Uncertain,,,eucalyptus denticulata
Eucalyptus neglecta,Eucalyptus,Symphyomyrtus,Maidenaria,Neglectae,,neglecta,,Lignotuber,,,eucalyptus neglecta
Eucalyptus dunnii,Eucalyptus,Symphyomyrtus,Maidenaria,Bridgesianae,,dunnii,,Combination,,,eucalyptus dunnii
Eucalyptus angophoroides,Eucalyptus,Symphyomyrtus,Maidenaria,Bridgesianae,,angophoroides,,Combination,,,eucalyptus angophoroides
Eucalyptus bridgesiana,Eucalyptus,Symphyomyrtus,Maidenaria,Bridgesianae,,bridgesiana,,Combination,,,eucalyptus bridgesiana
Eucalyptus malacoxylon,Eucalyptus,Symphyomyrtus,Maidenaria,Bridgesianae,,malacoxylon,,Combination,,,eucalyptus malacoxylon
Eucalyptus nortonii,Eucalyptus,Symphyomyrtus,Maidenaria,Globulares,'Clivosae' ms,nortonii,,Combination,,,eucalyptus nortonii
Eucalyptus goniocalyx,Eucalyptus,Symphyomyrtus,Maidenaria,Globulares,'Clivosae' ms,goniocalyx,,Combination,,,eucalyptus goniocalyx
Eucalyptus goniocalyx subsp. viridissima,Eucalyptus,Symphyomyrtus,Maidenaria,Globulares,'Clivosae' ms,goniocalyx,viridissima,Combination,,,eucalyptus goniocalyx subsp. viridissima
Eucalyptus goniocalyx subsp. goniocalyx,Eucalyptus,Symphyomyrtus,Maidenaria,Globulares,'Clivosae' ms,goniocalyx,goniocalyx,Combination,,,eucalyptus goniocalyx subsp. goniocalyx
Eucalyptus goniocalyx subsp. exposa,Eucalyptus,Symphyomyrtus,Maidenaria,Globulares,'Clivosae' ms,goniocalyx,exposa,Combination,,,eucalyptus goniocalyx subsp. exposa
Eucalyptus banksii,Eucalyptus,Symphyomyrtus,Maidenaria,Globulares,'Clivosae' ms,banksii,,Combination,,,eucalyptus banksii
Eucalyptus volcanica,Eucalyptus,Symphyomyrtus,Maidenaria,Globulares,'Clivosae' ms,volcanica,,Combination,,,eucalyptus volcanica
Eucalyptus litoralis,Eucalyptus,Symphyomyrtus,Maidenaria,Globulares,'Clivosae' ms,litoralis,,Combination,,,eucalyptus litoralis
Eucalyptus alaticaulis,Eucalyptus,Symphyomyrtus,Maidenaria,Globulares,'Clivosae' ms,alaticaulis,,Combination,,,eucalyptus alaticaulis
Eucalyptus cypellocarpa,Eucalyptus,Symphyomyrtus,Maidenaria,Globulares,'Clivosae' ms,cypellocarpa,,Combination,,,eucalyptus cypellocarpa
Eucalyptus × carolaniae,Eucalyptus,Symphyomyrtus,Maidenaria,Globulares,'Clivosae' ms,× carolaniae,,Combination,,,eucalyptus × carolaniae
Eucalyptus × goniocalyx fallax,Eucalyptus,Symphyomyrtus,Maidenaria,Globulares,'Clivosae' ms,× goniocalyx fallax,,Combination,,,eucalyptus × goniocalyx fallax
Eucalyptus × goniocalyx laxa,Eucalyptus,Symphyomyrtus,Maidenaria,Globulares,'Clivosae' ms,× goniocalyx laxa,,Combination,,,eucalyptus × goniocalyx laxa
Eucalyptus globulus,Eucalyptus,Symphyomyrtus,Maidenaria,Globulares,Euglobulares,globulus,,Combination,,,eucalyptus globulus
Eucalyptus bicostata,Eucalyptus,Symphyomyrtus,Maidenaria,Globulares,Euglobulares,bicostata,,Combination,,,eucalyptus bicostata
Eucalyptus pseudoglobulus,Eucalyptus,Symphyomyrtus,Maidenaria,Globulares,Euglobulares,pseudoglobulus,,Combination,,,eucalyptus pseudoglobulus
Eucalyptus maidenii,Eucalyptus,Symphyomyrtus,Maidenaria,Globulares,Euglobulares,maidenii,,Combination,,,eucalyptus maidenii
Eucalyptus camphora,Eucalyptus,Symphyomyrtus,Maidenaria,Foveolatae,,camphora,,Combination,,,eucalyptus camphora
Eucalyptus camphora subsp. humeana,Eucalyptus,Symphyomyrtus,Maidenaria,Foveolatae,,camphora,humeana,Combination,,,eucalyptus camphora subsp. humeana
Eucalyptus camphora subsp. camphora,Eucalyptus,Symphyomyrtus,Maidenaria,Foveolatae,,camphora,camphora,Combination,,,eucalyptus camphora subsp. camphora
Eucalyptus yarraensis,Eucalyptus,Symphyomyrtus,Maidenaria,Foveolatae,,yarraensis,,Combination,,,eucalyptus yarraensis
Eucalyptus ovata,Eucalyptus,Symphyomyrtus,Maidenaria,Foveolatae,,ovata,,Combination,,,eucalyptus ovata
Eucalyptus ovata subsp. ovata,Eucalyptus,Symphyomyrtus,Maidenaria,Foveolatae,,ovata,ovata,Combination,,,eucalyptus ovata subsp. ovata
Eucalyptus ovata subsp. grandiflora,Eucalyptus,Symphyomyrtus,Maidenaria,Foveolatae,,ovata,grandiflora,Combination,,,eucalyptus ovata subsp. grandiflora
Eucalyptus strzeleckii,Eucalyptus,Symphyomyrtus,Maidenaria,Foveolatae,,strzeleckii,,Combination,,,eucalyptus strzeleckii
Eucalyptus brookeriana,Eucalyptus,Symphyomyrtus,Maidenaria,Foveolatae,,brookeriana,,Combination,,,eucalyptus brookeriana
Eucalyptus cadens,Eucalyptus,Symphyomyrtus,Maidenaria,Foveolatae,,cadens,,Combination,,,eucalyptus cadens
Eucalyptus aggregata,Eucalyptus,Symphyomyrtus,Maidenaria,Foveolatae,,aggregata,,Combination,,,eucalyptus aggregata
Eucalyptus rodwayi,Eucalyptus,Symphyomyrtus,Maidenaria,Foveolatae,,rodwayi,,Combination,,,eucalyptus rodwayi
Eucalyptus barberi,Eucalyptus,Symphyomyrtus,Maidenaria,Foveolatae,,barberi,,Lignotuber,,,eucalyptus barberi
Eucalyptus × bunyip,Eucalyptus,Symphyomyrtus,Maidenaria,Foveolatae,,× bunyip,,Combination,,,eucalyptus × bunyip
Eucalyptus crenulata,Eucalyptus,Symphyomyrtus,Maidenaria,Crenulatae,,crenulata,,Combination,,,eucalyptus crenulata
Eucalyptus archeri,Eucalyptus,Symphyomyrtus,Maidenaria,'Tasmaniae' ms,,archeri,,Combination,,,eucalyptus archeri
Eucalyptus gunnii,Eucalyptus,Symphyomyrtus,Maidenaria,'Tasmaniae' ms,,gunnii,,Combination,,,eucalyptus gunnii
Eucalyptus gunnii subsp. divaricata,Eucalyptus,Symphyomyrtus,Maidenaria,'Tasmaniae' ms,,gunnii,divaricata,Combination,,,eucalyptus gunnii subsp. divaricata
Eucalyptus gunnii subsp. gunnii,Eucalyptus,Symphyomyrtus,Maidenaria,'Tasmaniae' ms,,gunnii,gunnii,Combination,,,eucalyptus gunnii subsp. gunnii
Eucalyptus urnigera,Eucalyptus,Symphyomyrtus,Maidenaria,'Tasmaniae' ms,,urnigera,,Combination,,,eucalyptus urnigera
Eucalyptus morrisbyi,Eucalyptus,Symphyomyrtus,Maidenaria,'Tasmaniae' ms,,morrisbyi,,Combination,,,eucalyptus morrisbyi
Eucalyptus cordata,Eucalyptus,Symphyomyrtus,Maidenaria,'Tasmaniae' ms,,cordata,,Combination,,,eucalyptus cordata
Eucalyptus cordata subsp. quadrangulosa,Eucalyptus,Symphyomyrtus,Maidenaria,'Tasmaniae' ms,,cordata,quadrangulosa,Combination,,,eucalyptus cordata subsp. quadrangulosa
Eucalyptus cordata subsp. cordata,Eucalyptus,Symphyomyrtus,Maidenaria,'Tasmaniae' ms,,cordata,cordata,Combination,,,eucalyptus cordata subsp. cordata
Eucalyptus vernicosa,Eucalyptus,Symphyomyrtus,Maidenaria,Semiunicolores,,vernicosa,,Uncertain,,,eucalyptus vernicosa
Eucalyptus crenulata,Eucalyptus,Symphyomyrtus,Maidenaria,Semiunicolores,,crenulata,,Uncertain,,,eucalyptus crenulata
Eucalyptus johnstonii,Eucalyptus,Symphyomyrtus,Maidenaria,Semiunicolores,,johnstonii,,Uncertain,,,eucalyptus johnstonii
Eucalyptus recurva,Eucalyptus,Symphyomyrtus,Maidenaria,'Recurvae' ms,,recurva,,Lignotuber,,,eucalyptus recurva
Eucalyptus sturgissiana,Eucalyptus,Symphyomyrtus,Maidenaria,Sturgissianae,,sturgissiana,,Lignotuber,,,eucalyptus sturgissiana
Eucalyptus perriniana subsp. perriniana,Eucalyptus,Symphyomyrtus,Maidenaria,Viminales,Circulares,perriniana,perriniana,Lignotuber,,,eucalyptus perriniana subsp. perriniana
Eucalyptus perriniana subsp. Mainland,Eucalyptus,Symphyomyrtus,Maidenaria,Viminales,Circulares,perriniana,Mainland,Combination,,,eucalyptus perriniana subsp. mainland
Eucalyptus pulverulenta,Eucalyptus,Symphyomyrtus,Maidenaria,Viminales,Circulares,pulverulenta,,Lignotuber,,,eucalyptus pulverulenta
Eucalyptus glaucescens,Eucalyptus,Symphyomyrtus,Maidenaria,Viminales,Circulares,glaucescens,,Combination,,,eucalyptus glaucescens
Eucalyptus saxatilis,Eucalyptus,Symphyomyrtus,Maidenaria,Viminales,Circulares,saxatilis,,Lignotuber,,,eucalyptus saxatilis
Eucalyptus rubida,Eucalyptus,Symphyomyrtus,Maidenaria,Viminales,Circulares,rubida,,Combination,,,eucalyptus rubida
Eucalyptus rubida subsp. canobolensis,Eucalyptus,Symphyomyrtus,Maidenaria,Viminales,Circulares,rubida,canobolensis,Combination,,,eucalyptus rubida subsp. canobolensis
Eucalyptus rubida subsp. rubida,Eucalyptus,Symphyomyrtus,Maidenaria,Viminales,Circulares,rubida,rubida,Combination,,,eucalyptus rubida subsp. rubida
Eucalyptus rubida subsp. barbigerorum,Eucalyptus,Symphyomyrtus,Maidenaria,Viminales,Circulares,rubida,barbigerorum,Combination,,,eucalyptus rubida subsp. barbigerorum
Eucalyptus dalrympleana,Eucalyptus,Symphyomyrtus,Maidenaria,Viminales,Circulares,dalrympleana,,Combination,,,eucalyptus dalrympleana
Eucalyptus dalrympleana subsp. Howmans Gap,Eucalyptus,Symphyomyrtus,Maidenaria,Viminales,Circulares,dalrympleana,Howmans Gap,Combination,,,eucalyptus dalrympleana subsp. howmans gap
Eucalyptus dalrympleana subsp. heptantha,Eucalyptus,Symphyomyrtus,Maidenaria,Viminales,Circulares,dalrympleana,heptantha,Combination,,,eucalyptus dalrympleana subsp. heptantha
Eucalyptus dalrympleana subsp. dalrympleana,Eucalyptus,Symphyomyrtus,Maidenaria,Viminales,Circulares,dalrympleana,dalrympleana,Combination,,,eucalyptus dalrympleana subsp. dalrympleana
Eucalyptus dalrympleana subsp. Tasmania,Eucalyptus,Symphyomyrtus,Maidenaria,Viminales,Circulares,dalrympleana,Tasmania,Combination,,,eucalyptus dalrympleana subsp. tasmania
Eucalyptus chapmaniana,Eucalyptus,Symphyomyrtus,Maidenaria,Viminales,Circulares,chapmaniana,,Combination,,,eucalyptus chapmaniana
Eucalyptus lactea,Eucalyptus,Symphyomyrtus,Maidenaria,Viminales,Circulares,lactea,,Combination,,,eucalyptus lactea
Eucalyptus elliptica,Eucalyptus,Symphyomyrtus,Maidenaria,Viminales,Circulares,elliptica,,Combination,,,eucalyptus elliptica
Eucalyptus cinerea,Eucalyptus,Symphyomyrtus,Maidenaria,Viminales,Circulares,cinerea,,Combination,,,eucalyptus cinerea
Eucalyptus cinerea subsp. cinerea,Eucalyptus,Symphyomyrtus,Maidenaria,Viminales,Circulares,cinerea,cinerea,Combination,,,eucalyptus cinerea subsp. cinerea
Eucalyptus cinerea subsp. triplex,Eucalyptus,Symphyomyrtus,Maidenaria,Viminales,Circulares,cinerea,triplex,Combination,,,eucalyptus cinerea subsp. triplex
Eucalyptus alligatrix,Eucalyptus,Symphyomyrtus,Maidenaria,Viminales,Circulares,alligatrix,,Combination,,,eucalyptus alligatrix
Eucalyptus alligatrix subsp. alligatrix,Eucalyptus,Symphyomyrtus,Maidenaria,Viminales,Circulares,alligatrix,alligatrix,Combination,,,eucalyptus alligatrix subsp. alligatrix
Eucalyptus alligatrix subsp. miscella,Eucalyptus,Symphyomyrtus,Maidenaria,Viminales,Circulares,alligatrix,miscella,Combination,,,eucalyptus alligatrix subsp. miscella
Eucalyptus conspicua,Eucalyptus,Symphyomyrtus,Maidenaria,Viminales,Circulares,conspicua,,Combination,,,eucalyptus conspicua
Eucalyptus cephalocarpa,Eucalyptus,Symphyomyrtus,Maidenaria,Viminales,Circulares,cephalocarpa,,Combination,,,eucalyptus cephalocarpa
Eucalyptus parvula,Eucalyptus,Symphyomyrtus,Maidenaria,Viminales,Lanceolatae,parvula,,Combination,,,eucalyptus parvula
Eucalyptus kartzoffiana,Eucalyptus,Symphyomyrtus,Maidenaria,Viminales,Lanceolatae,kartzoffiana,,Combination,,,eucalyptus kartzoffiana
Eucalyptus badjensis,Eucalyptus,Symphyomyrtus,Maidenaria,Viminales,Lanceolatae,badjensis,,Combination,,,eucalyptus badjensis
Eucalyptus smithii,Eucalyptus,Symphyomyrtus,Maidenaria,Viminales,Lanceolatae,smithii,,Combination,,,eucalyptus smithii
Eucalyptus wilcoxii,Eucalyptus,Symphyomyrtus,Maidenaria,Viminales,Lanceolatae,wilcoxii,,Lignotuber,,,eucalyptus wilcoxii
Eucalyptus baeuerlenii,Eucalyptus,Symphyomyrtus,Maidenaria,Viminales,Lanceolatae,baeuerlenii,,Lignotuber,,,eucalyptus baeuerlenii
Eucalyptus imlayensis,Eucalyptus,Symphyomyrtus,Maidenaria,Viminales,Lanceolatae,imlayensis,,Lignotuber,,,eucalyptus imlayensis
Eucalyptus elaeophloia,Eucalyptus,Symphyomyrtus,Maidenaria,Viminales,Lanceolatae,elaeophloia,,Lignotuber,,,eucalyptus elaeophloia
Eucalyptus kitsoniana,Eucalyptus,Symphyomyrtus,Maidenaria,Viminales,Lanceolatae,kitsoniana,,Lignotuber,,,eucalyptus kitsoniana
Eucalyptus viminalis,Eucalyptus,Symphyomyrtus,Maidenaria,Viminales,Lanceolatae,viminalis,,Combination,,,eucalyptus viminalis
Eucalyptus viminalis subsp. hentyensis,Eucalyptus,Symphyomyrtus,Maidenaria,Viminales,Lanceolatae,viminalis,hentyensis,Combination,,,eucalyptus viminalis subsp. hentyensis
Eucalyptus viminalis subsp. viminalis,Eucalyptus,Symphyomyrtus,Maidenaria,Viminales,Lanceolatae,viminalis,viminalis,Combination,,,eucalyptus viminalis subsp. viminalis
Eucalyptus viminalis subsp. pryoriana,Eucalyptus,Symphyomyrtus,Maidenaria,Viminales,Lanceolatae,viminalis,pryoriana,Combination,,,eucalyptus viminalis subsp. pryoriana
Eucalyptus viminalis subsp. cygnetensis,Eucalyptus,Symphyomyrtus,Maidenaria,Viminales,Lanceolatae,viminalis,cygnetensis,Combination,,,eucalyptus viminalis subsp. cygnetensis
Eucalyptus viminalis subsp. siliceana,Eucalyptus,Symphyomyrtus,Maidenaria,Viminales,Lanceolatae,viminalis,siliceana,Combination,,,eucalyptus viminalis subsp. siliceana
Eucalyptus nobilis,Eucalyptus,Symphyomyrtus,Maidenaria,Viminales,Lanceolatae,nobilis,,Combination,,,eucalyptus nobilis
Eucalyptus splendens,Eucalyptus,Symphyomyrtus,Maidenaria,Viminales,Lanceolatae,splendens,,Combination,,,eucalyptus splendens
Eucalyptus arcana,Eucalyptus,Symphyomyrtus,Maidenaria,Viminales,Lanceolatae,arcana,,Combination,,,eucalyptus arcana
Eucalyptus aromaphloia,Eucalyptus,Symphyomyrtus,Maidenaria,Viminales,Lanceolatae,aromaphloia,,Combination,,,eucalyptus aromaphloia
Eucalyptus sabulosa,Eucalyptus,Symphyomyrtus,Maidenaria,Viminales,Lanceolatae,sabulosa,,Combination,,,eucalyptus sabulosa
Eucalyptus corticosa,Eucalyptus,Symphyomyrtus,Maidenaria,Viminales,Lanceolatae,corticosa,,Combination,,,eucalyptus corticosa
Eucalyptus fulgens,Eucalyptus,Symphyomyrtus,Maidenaria,Viminales,Lanceolatae,fulgens,,Combination,,,eucalyptus fulgens
Eucalyptus acaciiformis,Eucalyptus,Symphyomyrtus,Maidenaria,Viminales,Lanceolatae,acaciiformis,,Combination,,,eucalyptus acaciiformis
Eucalyptus nicholii,Eucalyptus,Symphyomyrtus,Maidenaria,Viminales,Lanceolatae,nicholii,,Combination,,,eucalyptus nicholii
Eucalyptus nova-anglica,Eucalyptus,Symphyomyrtus,Maidenaria,Viminales,Lanceolatae,nova-anglica,,Combination,,,eucalyptus nova-anglica
Eucalyptus mannifera,Eucalyptus,Symphyomyrtus,Maidenaria,Viminales,Lanceolatae,mannifera,,Combination,,,eucalyptus mannifera
Eucalyptus mannifera subsp. Alpine Victoria,Eucalyptus,Symphyomyrtus,Maidenaria,Viminales,Lanceolatae,mannifera,Alpine Victoria,Combination,,,eucalyptus mannifera subsp. alpine victoria
Eucalyptus mannifera subsp. gullickii,Eucalyptus,Symphyomyrtus,Maidenaria,Viminales,Lanceolatae,mannifera,gullickii,Combination,,,eucalyptus mannifera subsp. gullickii
Eucalyptus mannifera subsp. mannifera,Eucalyptus,Symphyomyrtus,Maidenaria,Viminales,Lanceolatae,mannifera,mannifera,Combination,,,eucalyptus mannifera subsp. mannifera
Eucalyptus scoparia,Eucalyptus,Symphyomyrtus,Maidenaria,Viminales,Lanceolatae,scoparia,,Combination,,,eucalyptus scoparia
Eucalyptus benthamii,Eucalyptus,Symphyomyrtus,Maidenaria,Viminales,Lanceolatae,benthamii,,Combination,,,eucalyptus benthamii
Eucalyptus dorrigoensis,Eucalyptus,Symphyomyrtus,Maidenaria,Viminales,Lanceolatae,dorrigoensis,,Combination,,,eucalyptus dorrigoensis
Eucalyptus macarthurii,Eucalyptus,Symphyomyrtus,Maidenaria,Viminales,Lanceolatae,macarthurii,,Combination,,,eucalyptus macarthurii
Eucalyptus cloeziana,Eucalyptus,Idiogenes,,,,cloeziana,,Combination,,,eucalyptus cloeziana
Eucalyptus rubiginosa,Eucalyptus,Eucalyptus,'Primitiva' ms,,,rubiginosa,,Combination,,,eucalyptus rubiginosa
Eucalyptus helidonica,Eucalyptus,Eucalyptus,Eucalyptus,White-mahoganies,,helidonica,,Combination,,,eucalyptus helidonica
Eucalyptus acmenoides,Eucalyptus,Eucalyptus,Eucalyptus,White-mahoganies,,acmenoides,,Combination,,,eucalyptus acmenoides
Eucalyptus portuensis,Eucalyptus,Eucalyptus,Eucalyptus,White-mahoganies,,portuensis,,Combination,,,eucalyptus portuensis
Eucalyptus mediocris,Eucalyptus,Eucalyptus,Eucalyptus,White-mahoganies,,mediocris,,Combination,,,eucalyptus mediocris
Eucalyptus apothalassica,Eucalyptus,Eucalyptus,Eucalyptus,White-mahoganies,,apothalassica,,Combination,,,eucalyptus apothalassica
Eucalyptus psammitica,Eucalyptus,Eucalyptus,Eucalyptus,White-mahoganies,,psammitica,,Combination,,,eucalyptus psammitica
Eucalyptus carnea,Eucalyptus,Eucalyptus,Eucalyptus,White-mahoganies,,carnea,,Combination,,,eucalyptus carnea
Eucalyptus umbra,Eucalyptus,Eucalyptus,Eucalyptus,White-mahoganies,,umbra,,Combination,,,eucalyptus umbra
Eucalyptus latisinensis,Eucalyptus,Eucalyptus,Eucalyptus,White-mahoganies,,latisinensis,,Combination,,,eucalyptus latisinensis
Eucalyptus pyrocarpa,Eucalyptus,Eucalyptus,Eucalyptus,Pseudostringybarks,,pyrocarpa,,Uncertain,,,eucalyptus pyrocarpa
Eucalyptus pilularis,Eucalyptus,Eucalyptus,Eucalyptus,Pseudostringybarks,,pilularis,,Uncertain,,,eucalyptus pilularis
Eucalyptus fastigata,Eucalyptus,Eucalyptus,Eucalyptus,Regnantes,,fastigata,,Uncertain,,,eucalyptus fastigata
Eucalyptus regnans,Eucalyptus,Eucalyptus,Eucalyptus,Regnantes,,regnans,,Seeder,,,eucalyptus regnans
Eucalyptus obliqua,Eucalyptus,Eucalyptus,Eucalyptus,Eucalyptus,,obliqua,,Combination,,,eucalyptus obliqua
Eucalyptus muelleriana,Eucalyptus,Eucalyptus,Eucalyptus,Pachyphloiae,,muelleriana,,Combination,,,eucalyptus muelleriana
Eucalyptus laevopinea,Eucalyptus,Eucalyptus,Eucalyptus,Pachyphloiae,,laevopinea,,Combination,,,eucalyptus laevopinea
Eucalyptus mackintii,Eucalyptus,Eucalyptus,Eucalyptus,Pachyphloiae,,mackintii,,Combination,,,eucalyptus mackintii
Eucalyptus macrorhyncha,Eucalyptus,Eucalyptus,Eucalyptus,Pachyphloiae,,macrorhyncha,,Combination,,,eucalyptus macrorhyncha
Eucalyptus macrorhyncha subsp. cannonii,Eucalyptus,Eucalyptus,Eucalyptus,Pachyphloiae,,macrorhyncha,cannonii,Combination,,,eucalyptus macrorhyncha subsp. cannonii
Eucalyptus macrorhyncha subsp. macrorhyncha,Eucalyptus,Eucalyptus,Eucalyptus,Pachyphloiae,,macrorhyncha,macrorhyncha,Combination,,,eucalyptus macrorhyncha subsp. macrorhyncha
Eucalyptus prominula,Eucalyptus,Eucalyptus,Eucalyptus,Pachyphloiae,,prominula,,Combination,,,eucalyptus prominula
Eucalyptus youmanii,Eucalyptus,Eucalyptus,Eucalyptus,Pachyphloiae,,youmanii,,Combination,,,eucalyptus youmanii
Eucalyptus williamsiana,Eucalyptus,Eucalyptus,Eucalyptus,Pachyphloiae,,williamsiana,,Combination,,,eucalyptus williamsiana
Eucalyptus cameronii,Eucalyptus,Eucalyptus,Eucalyptus,Pachyphloiae,,cameronii,,Combination,,,eucalyptus cameronii
Eucalyptus mckieana,Eucalyptus,Eucalyptus,Eucalyptus,Pachyphloiae,,mckieana,,Combination,,,eucalyptus mckieana
Eucalyptus tenella,Eucalyptus,Eucalyptus,Eucalyptus,Pachyphloiae,,tenella,,Combination,,,eucalyptus tenella
Eucalyptus ligustrina,Eucalyptus,Eucalyptus,Eucalyptus,Pachyphloiae,,ligustrina,,Combination,,,eucalyptus ligustrina
Eucalyptus sparsifolia,Eucalyptus,Eucalyptus,Eucalyptus,Pachyphloiae,,sparsifolia,,Combination,,,eucalyptus sparsifolia
Eucalyptus globoidea,Eucalyptus,Eucalyptus,Eucalyptus,Pachyphloiae,,globoidea,,Combination,,,eucalyptus globoidea
Eucalyptus yangoura,Eucalyptus,Eucalyptus,Eucalyptus,Pachyphloiae,,yangoura,,Combination,,,eucalyptus yangoura
Eucalyptus oblonga,Eucalyptus,Eucalyptus,Eucalyptus,Pachyphloiae,,oblonga,,Combination,,,eucalyptus oblonga
Eucalyptus imitans,Eucalyptus,Eucalyptus,Eucalyptus,Pachyphloiae,,imitans,,Combination,,,eucalyptus imitans
Eucalyptus conglomerata,Eucalyptus,Eucalyptus,Eucalyptus,Pachyphloiae,,conglomerata,,Combination,,,eucalyptus conglomerata
Eucalyptus tindaliae,Eucalyptus,Eucalyptus,Eucalyptus,Pachyphloiae,,tindaliae,,Combination,,,eucalyptus tindaliae
Eucalyptus reducta,Eucalyptus,Eucalyptus,Eucalyptus,Pachyphloiae,,reducta,,Combination,,,eucalyptus reducta
Eucalyptus caliginosa,Eucalyptus,Eucalyptus,Eucalyptus,Pachyphloiae,,caliginosa,,Combination,,,eucalyptus caliginosa
Eucalyptus erosa,Eucalyptus,Eucalyptus,Eucalyptus,Pachyphloiae,,erosa,,Combination,,,eucalyptus erosa
Eucalyptus eugenioides,Eucalyptus,Eucalyptus,Eucalyptus,Pachyphloiae,,eugenioides,,Combination,,,eucalyptus eugenioides
Eucalyptus expressa,Eucalyptus,Eucalyptus,Eucalyptus,Pachyphloiae,,expressa,,Combination,,,eucalyptus expressa
Eucalyptus blaxlandii,Eucalyptus,Eucalyptus,Eucalyptus,Pachyphloiae,,blaxlandii,,Combination,,,eucalyptus blaxlandii
Eucalyptus caerulea,Eucalyptus,Eucalyptus,Eucalyptus,Pachyphloiae,,caerulea,,Combination,,,eucalyptus caerulea
Eucalyptus agglomerata,Eucalyptus,Eucalyptus,Eucalyptus,Pachyphloiae,,agglomerata,,Combination,,,eucalyptus agglomerata
Eucalyptus capitellata,Eucalyptus,Eucalyptus,Eucalyptus,Pachyphloiae,,capitellata,,Combination,,,eucalyptus capitellata
Eucalyptus bensonii,Eucalyptus,Eucalyptus,Eucalyptus,Pachyphloiae,,bensonii,,Combination,,,eucalyptus bensonii
Eucalyptus camfieldii,Eucalyptus,Eucalyptus,Eucalyptus,Pachyphloiae,,camfieldii,,Combination,,,eucalyptus camfieldii
Eucalyptus aurifordina,Eucalyptus,Eucalyptus,Eucalyptus,Pachyphloiae,,aurifordina,,Combination,,,eucalyptus aurifordina
Eucalyptus arenacea,Eucalyptus,Eucalyptus,Eucalyptus,Pachyphloiae,,arenacea,,Combination,,,eucalyptus arenacea
Eucalyptus baxteri,Eucalyptus,Eucalyptus,Eucalyptus,Pachyphloiae,,baxteri,,Combination,,,eucalyptus baxteri
Eucalyptus victoriana,Eucalyptus,Eucalyptus,Eucalyptus,Pachyphloiae,,victoriana,,Combination,,,eucalyptus victoriana
Eucalyptus serraensis,Eucalyptus,Eucalyptus,Eucalyptus,Pachyphloiae,,serraensis,,Combination,,,eucalyptus serraensis
Eucalyptus verrucata,Eucalyptus,Eucalyptus,Eucalyptus,Pachyphloiae,,verrucata,,Combination,,,eucalyptus verrucata
Eucalyptus × alpina,Eucalyptus,Eucalyptus,Eucalyptus,Pachyphloiae,,× alpina,,Combination,,,eucalyptus × alpina
Eucalyptus × conjuncta,Eucalyptus,Eucalyptus,Eucalyptus,Pachyphloiae,,× conjuncta,,Combination,,,eucalyptus × conjuncta
Eucalyptus boliviana,Eucalyptus,Eucalyptus,Eucalyptus,Olsenianae,,boliviana,,Combination,,,eucalyptus boliviana
Eucalyptus deuaensis,Eucalyptus,Eucalyptus,Eucalyptus,Olsenianae,,deuaensis,,Combination,,,eucalyptus deuaensis
Eucalyptus olsenii,Eucalyptus,Eucalyptus,Eucalyptus,Olsenianae,,olsenii,,Uncertain,,,eucalyptus olsenii
Eucalyptus langleyi,Eucalyptus,Eucalyptus,Eucalyptus,Strictae,Irregulares,langleyi,,Lignotuber,,,eucalyptus langleyi
Eucalyptus triflora,Eucalyptus,Eucalyptus,Eucalyptus,Strictae,Irregulares,triflora,,Seeder,,,eucalyptus triflora
Eucalyptus dendromorpha,Eucalyptus,Eucalyptus,Eucalyptus,Strictae,Irregulares,dendromorpha,,Seeder,,,eucalyptus dendromorpha
Eucalyptus burgessiana,Eucalyptus,Eucalyptus,Eucalyptus,Strictae,Irregulares,burgessiana,,Lignotuber,,,eucalyptus burgessiana
Eucalyptus spectatrix,Eucalyptus,Eucalyptus,Eucalyptus,Strictae,Irregulares,spectatrix,,Lignotuber,,,eucalyptus spectatrix
Eucalyptus stricta,Eucalyptus,Eucalyptus,Eucalyptus,Strictae,Irregulares,stricta,,Lignotuber,,,eucalyptus stricta
Eucalyptus apiculata,Eucalyptus,Eucalyptus,Eucalyptus,Strictae,Irregulares,apiculata,,Lignotuber,,,eucalyptus apiculata
Eucalyptus cunninghamii,Eucalyptus,Eucalyptus,Eucalyptus,Strictae,Regulares,cunninghamii,,Lignotuber,,,eucalyptus cunninghamii
Eucalyptus approximans,Eucalyptus,Eucalyptus,Eucalyptus,Strictae,Regulares,approximans,,Lignotuber,,,eucalyptus approximans
Eucalyptus microcodon,Eucalyptus,Eucalyptus,Eucalyptus,Strictae,Regulares,microcodon,,Lignotuber,,,eucalyptus microcodon
Eucalyptus codonocarpa,Eucalyptus,Eucalyptus,Eucalyptus,Strictae,Regulares,codonocarpa,,Lignotuber,,,eucalyptus codonocarpa
Eucalyptus paliformis,Eucalyptus,Eucalyptus,Eucalyptus,Strictae,Regulares,paliformis,,Seeder,,,eucalyptus paliformis
Eucalyptus kybeanensis,Eucalyptus,Eucalyptus,Eucalyptus,Strictae,Regulares,kybeanensis,,Lignotuber,,,eucalyptus kybeanensis
Eucalyptus mitchelliana,Eucalyptus,Eucalyptus,Eucalyptus,Longitudinales,,mitchelliana,,Uncertain,,,eucalyptus mitchelliana
Eucalyptus stellulata,Eucalyptus,Eucalyptus,Eucalyptus,Longitudinales,,stellulata,,Uncertain,,,eucalyptus stellulata
Eucalyptus moorei,Eucalyptus,Eucalyptus,Eucalyptus,Longitudinales,,moorei,,Lignotuber,,,eucalyptus moorei
Eucalyptus moorei subsp. 'latiuscula' ms,Eucalyptus,Eucalyptus,Eucalyptus,Longitudinales,,moorei,'latiuscula' ms,Lignotuber,,,eucalyptus moorei subsp. 'latiuscula' ms
Eucalyptus moorei subsp. moorei,Eucalyptus,Eucalyptus,Eucalyptus,Longitudinales,,moorei,moorei,Lignotuber,,,eucalyptus moorei subsp. moorei
Eucalyptus moorei subsp. serpentinicola,Eucalyptus,Eucalyptus,Eucalyptus,Longitudinales,,moorei,serpentinicola,Lignotuber,,,eucalyptus moorei subsp. serpentinicola
Eucalyptus × phoenix,Eucalyptus,Eucalyptus,Eucalyptus,Longitudinales,,× phoenix,,Uncertain,,,eucalyptus × phoenix
Eucalyptus elata,Eucalyptus,Eucalyptus,Eucalyptus,Radiatae,,elata,,Combination,,,eucalyptus elata
Eucalyptus croajingolensis,Eucalyptus,Eucalyptus,Eucalyptus,Radiatae,,croajingolensis,,Combination,,,eucalyptus croajingolensis
Eucalyptus robertsonii,Eucalyptus,Eucalyptus,Eucalyptus,Radiatae,,robertsonii,,Combination,,,eucalyptus robertsonii
Eucalyptus radiata,Eucalyptus,Eucalyptus,Eucalyptus,Radiatae,,radiata,,Combination,,,eucalyptus radiata
Eucalyptus radiata subsp. radiata,Eucalyptus,Eucalyptus,Eucalyptus,Radiatae,,radiata,radiata,Combination,,,eucalyptus radiata subsp. radiata
Eucalyptus radiata subsp. sejuncta,Eucalyptus,Eucalyptus,Eucalyptus,Radiatae,,radiata,sejuncta,Combination,,,eucalyptus radiata subsp. sejuncta
Eucalyptus dives,Eucalyptus,Eucalyptus,Eucalyptus,Radiatae,,dives,,Combination,,,eucalyptus dives
Eucalyptus willisii,Eucalyptus,Eucalyptus,Eucalyptus,Radiatae,,willisii,,Combination,,,eucalyptus willisii
Eucalyptus arenicola,Eucalyptus,Eucalyptus,Eucalyptus,Radiatae,,arenicola,,Combination,,,eucalyptus arenicola
Eucalyptus falciformis,Eucalyptus,Eucalyptus,Eucalyptus,Radiatae,,falciformis,,Combination,,,eucalyptus falciformis
Eucalyptus molyneuxii,Eucalyptus,Eucalyptus,Eucalyptus,Radiatae,,molyneuxii,,Combination,,,eucalyptus molyneuxii
Eucalyptus pulchella,Eucalyptus,Eucalyptus,Eucalyptus,Radiatae,,pulchella,,Combination,,,eucalyptus pulchella
Eucalyptus amygdalina,Eucalyptus,Eucalyptus,Eucalyptus,Radiatae,,amygdalina,,Combination,,,eucalyptus amygdalina
Eucalyptus nitida,Eucalyptus,Eucalyptus,Eucalyptus,Radiatae,,nitida,,Combination,,,eucalyptus nitida
Eucalyptus nebulosa,Eucalyptus,Eucalyptus,Eucalyptus,Radiatae,,nebulosa,,Combination,,,eucalyptus nebulosa
Eucalyptus coccifera,Eucalyptus,Eucalyptus,Eucalyptus,Radiatae,,coccifera,,Uncertain,,,eucalyptus coccifera
Eucalyptus tenuiramis,Eucalyptus,Eucalyptus,Eucalyptus,Radiatae,,tenuiramis,,Combination,,,eucalyptus tenuiramis
Eucalyptus risdonii,Eucalyptus,Eucalyptus,Eucalyptus,Radiatae,,risdonii,,Lignotuber,,,eucalyptus risdonii
Eucalyptus × ambigua,Eucalyptus,Eucalyptus,Eucalyptus,Radiatae,,× ambigua,,Combination,,,eucalyptus × ambigua
Eucalyptus × robertsonii hemispherica,Eucalyptus,Eucalyptus,Eucalyptus,Radiatae,,× robertsonii hemispherica,,Combination,,,eucalyptus × robertsonii hemispherica
Eucalyptus lacrimans,Eucalyptus,Eucalyptus,Eucalyptus,Pauciflorae,,lacrimans,,Uncertain,,,eucalyptus lacrimans
Eucalyptus pauciflora,Eucalyptus,Eucalyptus,Eucalyptus,Pauciflorae,,pauciflora,,Uncertain,,,eucalyptus pauciflora
Eucalyptus pauciflora subsp. hedraia,Eucalyptus,Eucalyptus,Eucalyptus,Pauciflorae,,pauciflora,hedraia,Uncertain,,,eucalyptus pauciflora subsp. hedraia
Eucalyptus pauciflora subsp. debeuzevillei,Eucalyptus,Eucalyptus,Eucalyptus,Pauciflorae,,pauciflora,debeuzevillei,Uncertain,,,eucalyptus pauciflora subsp. debeuzevillei
Eucalyptus pauciflora subsp. niphophila,Eucalyptus,Eucalyptus,Eucalyptus,Pauciflorae,,pauciflora,niphophila,Uncertain,,,eucalyptus pauciflora subsp. niphophila
Eucalyptus pauciflora subsp. acerina,Eucalyptus,Eucalyptus,Eucalyptus,Pauciflorae,,pauciflora,acerina,Uncertain,,,eucalyptus pauciflora subsp. acerina
Eucalyptus pauciflora subsp. pauciflora,Eucalyptus,Eucalyptus,Eucalyptus,Pauciflorae,,pauciflora,pauciflora,Uncertain,,,eucalyptus pauciflora subsp. pauciflora
Eucalyptus pauciflora subsp. parvifructa,Eucalyptus,Eucalyptus,Eucalyptus,Pauciflorae,,pauciflora,parvifructa,Uncertain,,,eucalyptus pauciflora subsp. parvifructa
Eucalyptus gregsoniana,Eucalyptus,Eucalyptus,Eucalyptus,Pauciflorae,,gregsoniana,,Lignotuber,,,eucalyptus gregsoniana
Eucalyptus luehmanniana,Eucalyptus,Eucalyptus,Eucalyptus,Fraxinales,,luehmanniana,,Lignotuber,,,eucalyptus luehmanniana
Eucalyptus fraxinoides,Eucalyptus,Eucalyptus,Eucalyptus,Fraxinales,,fraxinoides,,Seeder,,,eucalyptus fraxinoides
Eucalyptus oreades,Eucalyptus,Eucalyptus,Eucalyptus,Fraxinales,,oreades,,Seeder,,,eucalyptus oreades
Eucalyptus delegatensis,Eucalyptus,Eucalyptus,Eucalyptus,Fraxinales,,delegatensis,,Seeder,,,eucalyptus delegatensis
Eucalyptus 'tasmaniensis' ms,Eucalyptus,Eucalyptus,Eucalyptus,Fraxinales,,'tasmaniensis' ms,,Combination,,,eucalyptus 'tasmaniensis' ms
Eucalyptus sphaerocarpa,Eucalyptus,Eucalyptus,Eucalyptus,Fraxinales,,sphaerocarpa,,Combination,,,eucalyptus sphaerocarpa
Eucalyptus planchoniana,Eucalyptus,Eucalyptus,Eucalyptus,Planchonianae,,planchoniana,,Combination,,,eucalyptus planchoniana
Eucalyptus sieberi,Eucalyptus,Eucalyptus,Eucalyptus,Psathyroxyla,Considenianae,sieberi,,Combination,,,eucalyptus sieberi
Eucalyptus consideniana,Eucalyptus,Eucalyptus,Eucalyptus,Psathyroxyla,Considenianae,consideniana,,Combination,,,eucalyptus consideniana
Eucalyptus multicaulis,Eucalyptus,Eucalyptus,Eucalyptus,Psathyroxyla,Considenianae,multicaulis,,Lignotuber,,,eucalyptus multicaulis
Eucalyptus remota,Eucalyptus,Eucalyptus,Eucalyptus,Psathyroxyla,Considenianae,remota,,Combination,,,eucalyptus remota
Eucalyptus andrewsii,Eucalyptus,Eucalyptus,Eucalyptus,Psathyroxyla,Considenianae,andrewsii,,Combination,,,eucalyptus andrewsii
Eucalyptus campanulata,Eucalyptus,Eucalyptus,Eucalyptus,Psathyroxyla,Considenianae,campanulata,,Combination,,,eucalyptus campanulata
Eucalyptus olida,Eucalyptus,Eucalyptus,Eucalyptus,Psathyroxyla,Considenianae,olida,,Combination,,,eucalyptus olida
Eucalyptus haemastoma,Eucalyptus,Eucalyptus,Eucalyptus,Psathyroxyla,Haemastomae,haemastoma,,Combination,,,eucalyptus haemastoma
Eucalyptus racemosa,Eucalyptus,Eucalyptus,Eucalyptus,Psathyroxyla,Haemastomae,racemosa,,Combination,,,eucalyptus racemosa
Eucalyptus rossii,Eucalyptus,Eucalyptus,Eucalyptus,Psathyroxyla,Haemastomae,rossii,,Combination,,,eucalyptus rossii
Eucalyptus stenostoma,Eucalyptus,Eucalyptus,Eucalyptus,Stenostomae,,stenostoma,,Seeder,R193/T29,CCA3902,eucalyptus stenostoma
Eucalyptus stenostoma,Eucalyptus,Eucalyptus,Eucalyptus,Stenostomae,,stenostoma,,Seeder,R193/T30,CCA3903,eucalyptus stenostoma
Eucalyptus piperita,Eucalyptus,Eucalyptus,Eucalyptus,Piperitales,,piperita,,Combination,R193/T30,CCA3903,eucalyptus piperita
Eucalyptus piperita subsp. urceolaris,Eucalyptus,Eucalyptus,Eucalyptus,Piperitales,,piperita,urceolaris,Combination,,,eucalyptus piperita subsp. urceolaris
Eucalyptus piperita subsp. piperita,Eucalyptus,Eucalyptus,Eucalyptus,Piperitales,,piperita,piperita,Combination,,,eucalyptus piperita subsp. piperita
