"","Taxon","name","binomial","genus","species","subspecies","taxon.1","Status","Accepted.name","Authority","Collection.source","ETS.accession","ITS.accession","matK.accession","psbA.accession"
"1","Acmena smithii","acmena smithii","acmena smithii","acmena","smithii",NA,"acmena smithii","Synonym","Syzygium smithii","(Poir.) Nied.","GenBank","AM489889","AM234137","DQ088545","AM489808"
"2","Agonis flexuosa","agonis flexuosa","agonis flexuosa","agonis","flexuosa",NA,"agonis flexuosa","Accepted","","(Muhl. ex Willd.) Sweet","GenBank","EU850635","DQ499115","AF184711",""
"3","Allosyncarpia ternata","allosyncarpia ternata","allosyncarpia ternata","allosyncarpia","ternata",NA,"allosyncarpia ternata","Accepted","","S.T.Blake","GenBank","DQ352477","DQ352477","","AF190370"
"4","Amomyrtus luma","amomyrtus luma","amomyrtus luma","amomyrtus","luma",NA,"amomyrtus luma","Accepted","","(Molina) D.Legrand & Kausel","GenBank","AM489892","AM234073","","AM489811"
"5","Angophora bakeri subsp. bakeri","angophora bakeri subsp. bakeri","angophora bakeri ","angophora","bakeri","bakeri","angophora bakeri subsp. bakeri","Accepted","","C.C.Hall","CANB 786317**","KT631411","KT630893","KT632621","KT632063"
"6","Angophora exul","angophora exul","angophora exul","angophora","exul",NA,"angophora exul","Accepted","","K.D.Hill","NSW 573034**","KT631413","KT630894","KT632623","KT632065"
"7","Angophora robur","angophora robur","angophora robur","angophora","robur",NA,"angophora robur","Accepted","","L.A.S.Johnson & K.D.Hill","NSW 537287**","KT631418","KT630899","KT632627",""
"8","Angophora woodsiana","angophora woodsiana","angophora woodsiana","angophora","woodsiana",NA,"angophora woodsiana","Accepted","","F.M.Bailey","CANB 786271**","KT631420","KT630901","KT632629","KT632070"
"9","Arillastrum gummiferum","arillastrum gummiferum","arillastrum gummiferum","arillastrum","gummiferum",NA,"arillastrum gummiferum","Accepted","","(Brongn. & Gris) Pancher ex Baill.","GenBank","DQ352479","DQ352479","AF368198","AF190372"
"10","Cloezia floribunda","cloezia floribunda","cloezia floribunda","cloezia","floribunda",NA,"cloezia floribunda","Accepted","","Brongn. & Gris","GenBank","AY606255","AF172767","AY521533",""
"11","Corymbia aparrerinja","corymbia aparrerinja","corymbia aparrerinja","corymbia","aparrerinja",NA,"corymbia aparrerinja","Accepted","","K.D.Hill & L.A.S.Johnson","CANB 785580**","KT631423","KT630902","KT632630","KT632072"
"12","Corymbia arafurica","corymbia arafurica","corymbia arafurica","corymbia","arafurica",NA,"corymbia arafurica","Accepted","","K.D.Hill & L.A.S.Johnson","CANB 557707**","KT631424","KT630903","KT632631","KT632073"
"13","Corymbia arenaria","corymbia arenaria","corymbia arenaria","corymbia","arenaria",NA,"corymbia arenaria","Accepted","","(Blakely) K.D.Hill &","CANB 785523**","KT631425","KT630904","KT632632","KT632074"
"14","Corymbia aspera","corymbia aspera","corymbia aspera","corymbia","aspera",NA,"corymbia aspera","Accepted","","(F.Muell.) K.D.Hill &","CANB 785505**","KT631426","","",""
"15","Corymbia blakei","corymbia blakei","corymbia blakei","corymbia","blakei",NA,"corymbia blakei","Accepted","","K.D.Hill & L.A.S.Johnson","CANB 582767**","KT631428","","",""
"16","Corymbia candida subsp. dispodes","corymbia candida subsp. dispodes","corymbia candida","corymbia","candida","dispodes","corymbia candida subsp. dispodes","Accepted","","K.D.Hill & L.A.S.Johnson","Currency Creek 2752","KT631435","KT630909","KT632640",""
"17","Corymbia catenaria","corymbia catenaria","corymbia catenaria","corymbia","catenaria",NA,"corymbia catenaria","Synonym","Corymbia watsoniana","(Brooker & A.R.Bean)","Currency Creek 700","KT631436","KT630910","KT632641",""
"18","Corymbia confertiflora","corymbia confertiflora","corymbia confertiflora","corymbia","confertiflora",NA,"corymbia confertiflora","Accepted","","(Kippist ex F.Muell.) K.D.Hill","CANB 785485**","KT631441","KT630914","KT632645","KT632085"
"19","Corymbia dallachiana","corymbia dallachiana","corymbia dallachiana","corymbia","dallachiana",NA,"corymbia dallachiana","Accepted","","(Benth.) K.D.Hill &","CANB 697829**","KT631442","KT630915","KT632646","KT632086"
"20","Corymbia dampieri","corymbia dampieri","corymbia dampieri","corymbia","dampieri",NA,"corymbia dampieri","Synonym","Corymbia greeniana","(D.J.Carr & S.G.M.Carr)","GenBank","DQ352493","GQ366359","",""
"21","Corymbia dendromerinx","corymbia dendromerinx","corymbia dendromerinx","corymbia","dendromerinx",NA,"corymbia dendromerinx","Accepted","","K.D.Hill & L.A.S.Johnson","CANB 644448**","KT631443","GQ366360","KT632647",""
"22","Corymbia dimorpha","corymbia dimorpha","corymbia dimorpha","corymbia","dimorpha",NA,"corymbia dimorpha","Synonym","Corymbia peltata","(Benth.) K.D.Hill &","GenBank","DQ352496","GQ366362","",""
"23","Corymbia dolichocarpa","corymbia dolichocarpa","corymbia dolichocarpa","corymbia","dolichocarpa",NA,"corymbia dolichocarpa","Synonym","Corymbia clarksoniana","(D.J.Carr & S.G.M.Carr)","GenBank","DQ352497","GQ366363","",""
"24","Corymbia dunlopiana","corymbia dunlopiana","corymbia dunlopiana","corymbia","dunlopiana",NA,"corymbia dunlopiana","Accepted","","K.D.Hill & L.A.S.Johnson","CANB 640209**","KT631446","KT630917","KT632650","KT632088"
"25","Corymbia flavescens","corymbia flavescens","corymbia flavescens","corymbia","flavescens",NA,"corymbia flavescens","Accepted","","K.D.Hill & L.A.S.Johnson","CANB 785561**","DQ352500","KT630922","KT632658",""
"26","Corymbia gilbertensis","corymbia gilbertensis","corymbia gilbertensis","corymbia","gilbertensis",NA,"corymbia gilbertensis","Accepted","","(Maiden & Blakely) K.D.Hill","CANB 739029**","KT631453","","",""
"27","Corymbia hylandii","corymbia hylandii","corymbia hylandii","corymbia","hylandii",NA,"corymbia hylandii","Accepted","","(D.J.Carr & S.G.M.Carr)","CANB 738922**","","","","KT632103"
"28","Corymbia lamprophylla","corymbia lamprophylla","corymbia lamprophylla","corymbia","lamprophylla",NA,"corymbia lamprophylla","Accepted","","(Brooker & A.R.Bean) K.D.Hill &","Mt Annan 842093","KT631462","","KT632665","KT632106"
"29","Corymbia ligans subsp. ligans","corymbia ligans subsp. ligans","corymbia ligans","corymbia","ligans","ligans","corymbia ligans subsp. ligans","Accepted","","K.D.Hill & L.A.S.Johnson","Mt Annan 892078","DQ352509","GQ366368","",""
"30","Corymbia opacula","corymbia opacula","corymbia opacula","corymbia","opacula",NA,"corymbia opacula","Accepted","","L.A.S.Johnson","GenBank","","DQ993125","",""
"31","Corymbia papuana","corymbia papuana","corymbia papuana","corymbia","papuana",NA,"corymbia papuana","Accepted","","(F.Muell.) K.D.Hill &","CANB 583122**","KT631471","AF190359","KT632671","KT632112"
"32","Corymbia pauciseta","corymbia pauciseta","corymbia pauciseta","corymbia","pauciseta",NA,"corymbia pauciseta","Accepted","","K.D.Hill & L.A.S.Johnson","CANB 448845**","KT631472","KT630929","KT632672","KT632113"
"33","Corymbia porphyritica","corymbia porphyritica","corymbia porphyritica","corymbia","porphyritica",NA,"corymbia porphyritica","Synonym","Corymbia ellipsoidea","(D.J.Carr & S.G.M.Carr) K.D.Hill","GenBank","DQ352516","","",""
"34","Corymbia stockeri subsp. stockeri","corymbia stockeri subsp. stockeri","corymbia stockeri","corymbia","stockeri","stockeri","corymbia stockeri subsp. stockeri","Accepted","","(D.J.Carr & S.G.M.Carr) K.D.Hill","GenBank","DQ352520","","",""
"35","Corymbia tessellaris","corymbia tessellaris","corymbia tessellaris","corymbia","tessellaris",NA,"corymbia tessellaris","Accepted","","(F.Muell.) K.D.Hill &","Currency Creek s.n.","KT631481","AF058457","KT632680","KT632122"
"36","Corymbia torelliana","corymbia torelliana","corymbia torelliana","corymbia","torelliana",NA,"corymbia torelliana","Accepted","","(F.Muell.) K.D.Hill &","Mt Annan 981102","KT631482","GQ366373","KT632681","KT632123"
"37","Corymbia torta","corymbia torta","corymbia torta","corymbia","torta",NA,"corymbia torta","Accepted","","K.D.Hill & L.A.S.Johnson","CANB 644409**","KT631483","","",""
"38","Corymbia variegata","corymbia variegata","corymbia variegata","corymbia","variegata",NA,"corymbia variegata","Synonym","Corymbia citriodora","(Hook.) K.D.Hill &","GenBank","DQ352524","AF390462","AF368203",""
"39","Decaspermum humile","decaspermum humile","decaspermum humile","decaspermum","humile",NA,"decaspermum humile","Accepted","","(Sweet ex G.Don) A.J.Scott","GenBank","AM489905","AM234128","","AM489824"
"40","Eucalyptopsis alauda","eucalyptopsis alauda","eucalyptopsis alauda","eucalyptopsis","alauda",NA,"eucalyptopsis alauda","Accepted","","Craven","CANB 704249**","KT631486","","","KT632126"
"41","Eucalyptopsis papuana","eucalyptopsis papuana","eucalyptopsis papuana","eucalyptopsis","papuana",NA,"eucalyptopsis papuana","Accepted","","C.T.White","GenBank","DQ352538","AF190354","AF368205","AF190388"
"42","Eucalyptus abdita","eucalyptus abdita","eucalyptus abdita","eucalyptus","abdita",NA,"eucalyptus abdita","Accepted","","Brooker & Hopper","CANB 687864**","KT631487","KT630934","KT632685","KT632127"
"43","Eucalyptus acroleuca","eucalyptus acroleuca","eucalyptus acroleuca","eucalyptus","acroleuca",NA,"eucalyptus acroleuca","Accepted","","L.A.S.Johnson & K.D.Hill","CANB 593424**","KT631493","","",""
"44","Eucalyptus alba","eucalyptus alba","eucalyptus alba","eucalyptus","alba",NA,"eucalyptus alba","Accepted","","Reinw. ex Blume","GenBank","","AF390485","",""
"45","Eucalyptus andrewsii subsp. andrewsii","eucalyptus andrewsii subsp. andrewsii","eucalyptus andrewsii","eucalyptus","andrewsii","andrewsii","eucalyptus andrewsii subsp. andrewsii","Accepted","","Maiden","ANBG 8410679","KT631506","","KT632702","KT632140"
"46","Eucalyptus apodophylla subsp. provecta","eucalyptus apodophylla subsp. provecta","eucalyptus apodophylla","eucalyptus","apodophylla","provecta","eucalyptus apodophylla subsp. provecta","Accepted","","Blakely & Jacobs","CANB 7855329**","KT631511","KT630953","KT632707","KT632145"
"47","Eucalyptus approximans subsp. codonocarpa","eucalyptus approximans subsp. codonocarpa","eucalyptus approximans","eucalyptus","approximans","codonocarpa","eucalyptus approximans subsp. codonocarpa","Accepted","","(Blakely & McKie) L.A.S.Johnson","ANBG 69702","KT631513","KT630955","KT632709","KT632147"
"48","Eucalyptus arachneae subsp. arecta","eucalyptus arachneae subsp. arecta","eucalyptus arachneae","eucalyptus","arachneae","arecta","eucalyptus arachneae subsp. arecta","Accepted","","Brooker & Hopper","CANB 435460**","KT631515","KT630956","KT632710","KT632148"
"49","Eucalyptus argyphea","eucalyptus argyphea","eucalyptus argyphea","eucalyptus","argyphea",NA,"eucalyptus argyphea","Accepted","","L.A.S.Johnson & K.D.Hill","Currency Creek 3433","KT631521","KT630960","KT632715","KT632151"
"50","Eucalyptus aromaphloia subsp. aromaphloia","eucalyptus aromaphloia subsp. aromaphloia","eucalyptus aromaphloia","eucalyptus","aromaphloia","aromaphloia","eucalyptus aromaphloia subsp. aromaphloia","Accepted","","Pryor & J.H.Willis","CANB 564611**","KT631522","AF058465","KT632716","KT632152"
"51","Eucalyptus balanites","eucalyptus balanites","eucalyptus balanites","eucalyptus","balanites",NA,"eucalyptus balanites","Accepted","","Grayling & Brooker","CANB 687715**","KT631532","","","KT632160"
"52","Eucalyptus balanopelex","eucalyptus balanopelex","eucalyptus balanopelex","eucalyptus","balanopelex",NA,"eucalyptus balanopelex","Accepted","","L.A.S.Johnson & K.D.Hill","Waite Arboretum 2459","KT631533","KT630970","KT632724","KT632161"
"53","Eucalyptus brachycorys","eucalyptus brachycorys","eucalyptus brachycorys","eucalyptus","brachycorys",NA,"eucalyptus brachycorys","Accepted","","Blakely","Currency Creek 1897","KT631550","KT630989","KT632741","KT632177"
"54","Eucalyptus brachyphylla","eucalyptus brachyphylla","eucalyptus brachyphylla","eucalyptus","brachyphylla",NA,"eucalyptus brachyphylla","Accepted","","C.A.Gardner","ANBG 9807043","KT631551","KT630990","KT632742","KT632178"
"55","Eucalyptus brookeriana subsp. brookeriana","eucalyptus brookeriana subsp. brookeriana","eucalyptus brookeriana","eucalyptus","brookeriana","brookeriana","eucalyptus brookeriana subsp. brookeriana","Accepted","","A.M.Gray","Currency Creek 1988","KT631558","KT630993","KT632749",""
"56","Eucalyptus brunnea","eucalyptus brunnea","eucalyptus brunnea","eucalyptus","brunnea",NA,"eucalyptus brunnea","Accepted","","L.A.S.Johnson & K.D.Hill","Currency Creek 669","KT631559","KT630994","KT632750","KT632183"
"57","Eucalyptus burgessiana","eucalyptus burgessiana","eucalyptus burgessiana","eucalyptus","burgessiana",NA,"eucalyptus burgessiana","Accepted","","L.A.S.Johnson & Blaxell","ANBG s.n.","KT631562","","KT632753","KT632185"
"58","Eucalyptus caesia subsp. caesia","eucalyptus caesia subsp. caesia","eucalyptus caesia","eucalyptus","caesia","caesia","eucalyptus caesia subsp. caesia","Accepted","","Benth.","Currency Creek 3683","KT631565","KT630998","KT632756","KT632188"
"59","Eucalyptus carnabyi","eucalyptus carnabyi","eucalyptus carnabyi","eucalyptus","carnabyi",NA,"eucalyptus carnabyi","Accepted","","Blakely & H.Steedman","CANB 632591**","KT631579","","","KT632200"
"60","Eucalyptus celastroides subsp. celastroides","eucalyptus celastroides subsp. celastroides","eucalyptus celastroides","eucalyptus","celastroides","celastroides","eucalyptus celastroides subsp. celastroides","Accepted","","Turcz.","Currency Creek 132","KT631583","KT631013","KT632773","KT632203"
"61","Eucalyptus cladocalyx","eucalyptus cladocalyx","eucalyptus cladocalyx","eucalyptus","cladocalyx",NA,"eucalyptus cladocalyx","Accepted","","F.Muell.","ANBG 652722","KT631592","EF488228","KT632778","KT632211"
"62","Eucalyptus clelandii","eucalyptus clelandii","eucalyptus clelandii","eucalyptus","clelandii",NA,"eucalyptus clelandii","Accepted","","(Maiden) Maiden","Currency Creek 333","KT631593","KT631020","KT632779","KT632212"
"63","Eucalyptus communalis","eucalyptus communalis","eucalyptus communalis","eucalyptus","communalis",NA,"eucalyptus communalis","Accepted","","Brooker & Hopper","Currency Creek 200","KT631598","KT631024","KT632784","KT632217"
"64","Eucalyptus cordata","eucalyptus cordata","eucalyptus cordata","eucalyptus","cordata",NA,"eucalyptus cordata","Accepted","","Labill.","ANBG 8804430","KT631608","KT631033","KT632794","KT632225"
"65","Eucalyptus cuspidata","eucalyptus cuspidata","eucalyptus cuspidata","eucalyptus","cuspidata",NA,"eucalyptus cuspidata","Synonym","Eucalyptus angulosa","Schauer","Currency Creek 3746","KT631623","","KT632808","KT632238"
"66","Eucalyptus decipiens subsp. decipens","eucalyptus decipiens subsp. decipens","eucalyptus decipiens","eucalyptus","decipiens","decipens","eucalyptus decipiens subsp. decipens","Accepted","","Endl.","Currency Creek 3700","KT631633","KT631052","KT632817","KT632246"
"67","Eucalyptus densa subsp. densa","eucalyptus densa subsp. densa","eucalyptus densa","eucalyptus","densa","densa","eucalyptus densa subsp. densa","Accepted","","Brooker & Hopper","Currency Creek 1111","KT631640","KT631058","",""
"68","Eucalyptus disclusa","eucalyptus disclusa","eucalyptus disclusa","eucalyptus","disclusa",NA,"eucalyptus disclusa","Accepted","","L.A.S.Johnson & Blaxell","Currency Creek 707","KT631648","KT631065","KT632831","KT632260"
"69","Eucalyptus dolorosa","eucalyptus dolorosa","eucalyptus dolorosa","eucalyptus","dolorosa",NA,"eucalyptus dolorosa","Accepted","","Brooker & Hopper","ANBG 610751","KT631657","KT631072","KT632839","KT632268"
"70","Eucalyptus dorotoxylon","eucalyptus dorotoxylon","eucalyptus dorotoxylon","eucalyptus","dorotoxylon",NA,"eucalyptus dorotoxylon","Accepted","","F.Muell.","Currency Creek 178","KT631658","KT631073","KT632840","KT632269"
"71","Eucalyptus drummondii subsp. drummondii","eucalyptus drummondii subsp. drummondii","eucalyptus drummondii","eucalyptus","drummondii","drummondii","eucalyptus drummondii subsp. drummondii","Accepted","","Benth.","Currency Creek 1156","KT631659","KT631074","KT632841","KT632270"
"72","Eucalyptus eudesmioides subsp. eudesmioides","eucalyptus eudesmioides subsp. eudesmioides","eucalyptus eudesmioides","eucalyptus","eudesmioides","eudesmioides","eucalyptus eudesmioides subsp. eudesmioides","Accepted","","F.Muell.","CANB 794073**","KT631675","KT631088","KT632858","KT632283"
"73","Eucalyptus fergusonii subsp. fergusonii","eucalyptus fergusonii subsp. fergusonii","eucalyptus fergusonii","eucalyptus","fergusonii","fergusonii","eucalyptus fergusonii subsp. fergusonii","Accepted","","R.T.Baker","Currency Creek 2918","KT631686","KT631096","KT632868","KT632294"
"74","Eucalyptus fibrosa subsp. fibrosa","eucalyptus fibrosa subsp. fibrosa","eucalyptus fibrosa","eucalyptus","fibrosa","fibrosa","eucalyptus fibrosa subsp. fibrosa","Accepted","","F.Muell.","Currency Creek 666","KT631687","KT631097","KT632869","KT632295"
"75","Eucalyptus globulus subsp. globulus","eucalyptus globulus subsp. globulus","eucalyptus globulus","eucalyptus","globulus","globulus","eucalyptus globulus subsp. globulus","Accepted","","Labill.","ANBG 85001816","KT631709","AF058463","KT632890",""
"76","Eucalyptus goniocalyx subsp. goniocalyx","eucalyptus goniocalyx subsp. goniocalyx","eucalyptus goniocalyx","eucalyptus","goniocalyx","goniocalyx","eucalyptus goniocalyx subsp. goniocalyx","Accepted","","F.Muell. ex Miq.","Currency Creek 2952","KT631714","KT631121","KT632894","KT632322"
"77","Eucalyptus gregoriensis","eucalyptus gregoriensis","eucalyptus gregoriensis","eucalyptus","gregoriensis",NA,"eucalyptus gregoriensis","Accepted","","N.G.Walsh & Albr.","Currency Creek 2447","KT631717","","KT632898","KT632326"
"78","Eucalyptus gunnii","eucalyptus gunnii","eucalyptus gunnii","eucalyptus","gunnii",NA,"eucalyptus gunnii","Accepted","","Hook.f.","ANBG 656505","KT631723","KT631130","KT632904",""
"79","Eucalyptus ignorabilis","eucalyptus ignorabilis","eucalyptus ignorabilis","eucalyptus","ignorabilis",NA,"eucalyptus ignorabilis","Accepted","","L.A.S.Johnson & K.D.Hill","Currency Creek 1746","KT631734","KT631140","KT632914","KT632340"
"80","Eucalyptus imlayensis","eucalyptus imlayensis","eucalyptus imlayensis","eucalyptus","imlayensis",NA,"eucalyptus imlayensis","Accepted","","Crisp & Brooker","ANBG 782689","KT631735","KT631141","KT632915",""
"81","Eucalyptus impensa","eucalyptus impensa","eucalyptus impensa","eucalyptus","impensa",NA,"eucalyptus impensa","Accepted","","Brooker & Hopper","Currency Creek 264","KT631736","KT631142","KT632916","KT632341"
"82","Eucalyptus insularis","eucalyptus insularis","eucalyptus insularis","eucalyptus","insularis",NA,"eucalyptus insularis","Accepted","","Brooker","Currency Creek 1637","KT631741","KT631146","KT632921","KT632346"
"83","Eucalyptus kingsmillii subsp. kingsmillii","eucalyptus kingsmillii subsp. kingsmillii","eucalyptus kingsmillii","eucalyptus","kingsmillii","kingsmillii","eucalyptus kingsmillii subsp. kingsmillii","Accepted","","(Maiden) Maiden & Blakely","Mt Annan 866008","KT631751","KT631155","KT632930","KT632355"
"84","Eucalyptus lanepoolei","eucalyptus lanepoolei","eucalyptus lanepoolei","eucalyptus","lanepoolei",NA,"eucalyptus lanepoolei","Accepted","","Maiden","Currency Creek 3514","KT631761","KT631163","KT632938","KT632362"
"85","Eucalyptus lateritica","eucalyptus lateritica","eucalyptus lateritica","eucalyptus","lateritica",NA,"eucalyptus lateritica","Accepted","","Brooker & Hopper","CANB 794197**","KT631766","KT631168","KT632943","KT632367"
"86","Eucalyptus limitaris","eucalyptus limitaris","eucalyptus limitaris","eucalyptus","limitaris",NA,"eucalyptus limitaris","Accepted","","L.A.S.Johnson & K.D.Hill","CANB 785552**","KT631778","KT631177","KT632951","KT632378"
"87","Eucalyptus macrocarpa","eucalyptus macrocarpa","eucalyptus macrocarpa","eucalyptus","macrocarpa",NA,"eucalyptus macrocarpa","Accepted","","Hook.","Currency Creek 3428","KT631791","KT631190","KT632964","KT632390"
"88","Eucalyptus mannifera subsp. mannifera","eucalyptus mannifera subsp. mannifera","eucalyptus mannifera","eucalyptus","mannifera","mannifera","eucalyptus mannifera subsp. mannifera","Accepted","","Mudie","Currency Creek 2066","KT631797","KT631196","KT632970",""
"89","Eucalyptus marginata subsp. marginata","eucalyptus marginata subsp. marginata","eucalyptus marginata","eucalyptus","marginata","marginata","eucalyptus marginata subsp. marginata","Accepted","","Donn ex Sm.","CANB 794234**","FJ494752","AF390530","KT632971","KT632395"
"90","Eucalyptus medialis","eucalyptus medialis","eucalyptus medialis","eucalyptus","medialis",NA,"eucalyptus medialis","Accepted","","Brooker & Hopper","Waite Arboretum 2471","KT631800","KT631199","KT632973","KT632398"
"91","Eucalyptus microschema","eucalyptus microschema","eucalyptus microschema","eucalyptus","microschema",NA,"eucalyptus microschema","Accepted","","Brooker & Hopper","CANB 635056**","","","KT632984",""
"92","Eucalyptus minigwalica","eucalyptus minigwalica","eucalyptus minigwalica","eucalyptus","minigwalica",NA,"eucalyptus minigwalica","MS","","D.Nicolle","Currency Creek 522","KT631816","KT631211","KT632988","KT632410"
"93","Eucalyptus mooreana","eucalyptus mooreana","eucalyptus mooreana","eucalyptus","mooreana",NA,"eucalyptus mooreana","Accepted","","Maiden","CANB 750218**","","KT631216","",""
"94","Eucalyptus nanderwarica","eucalyptus nanderwarica","eucalyptus nanderwarica","eucalyptus","nanderwarica",NA,"eucalyptus nanderwarica","Accepted","","L.A.S.Johnson & K.D.Hill","ANBG 9707924","KT631828","KT631222","KT633000","KT632421"
"95","Eucalyptus nerthicola","eucalyptus nerthicola","eucalyptus nerthicola","eucalyptus","nerthicola",NA,"eucalyptus nerthicola","Accepted","","D.Nicolle","Currency Creek 3608","KT631830","KT631224","KT633002","KT632422"
"96","Eucalyptus oblonga","eucalyptus oblonga","eucalyptus oblonga","eucalyptus","oblonga",NA,"eucalyptus oblonga","Accepted","","A.Cunn. ex DC.","Currency Creek 622","","","","KT632430"
"97","Eucalyptus obtusiflora","eucalyptus obtusiflora","eucalyptus obtusiflora","eucalyptus","obtusiflora",NA,"eucalyptus obtusiflora","Accepted","","A.Cunn. ex DC.","CANB 794053**","KT631845","KT631235","KT633015","KT632431"
"98","Eucalyptus ovata var. ovata","eucalyptus ovata var. ovata","eucalyptus ovata var. ovata","eucalyptus","ovata","ovata","eucalyptus ovata var. ovata","Accepted","","Labill.","ANBG 475702","KT631862","KT631250","KT633031","KT632445"
"99","Eucalyptus persistens subsp. tardecidens","eucalyptus persistens subsp. tardecidens","eucalyptus persistens","eucalyptus","persistens","tardecidens","eucalyptus persistens subsp. tardecidens","Synonym","Eucalyptus tardecidens","(L.A.S.Johnson & K.D.Hill)","Waite Arboretum 1954B","KT631883","KT631265","KT633050","KT632465"
"100","Eucalyptus phaenophylla subsp. phaenophylla","eucalyptus phaenophylla subsp. phaenophylla","eucalyptus phaenophylla","eucalyptus","phaenophylla","phaenophylla","eucalyptus phaenophylla subsp. phaenophylla","Accepted","","Brooker & Hopper","CANB 794282**","KT631887","KT631269","KT633054",""
"101","Eucalyptus pilligaensis","eucalyptus pilligaensis","eucalyptus pilligaensis","eucalyptus","pilligaensis",NA,"eucalyptus pilligaensis","Synonym","Eucalyptus woollsiana","F.Muell. ex R.T.Baker","Currency Creek 681","KT631892","","KT633059",""
"102","Eucalyptus piperita subsp. piperita","eucalyptus piperita subsp. piperita","eucalyptus piperita","eucalyptus","piperita","piperita","eucalyptus piperita subsp. piperita","Accepted","","Sm.","ANBG 8411654","KT631895","AF058485","","KT632475"
"103","Eucalyptus placita","eucalyptus placita","eucalyptus placita","eucalyptus","placita",NA,"eucalyptus placita","Accepted","","L.A.S.Johnson & K.D.Hill","Waite Arboretum 1526","KT631896","KT631275","KT633062","KT632476"
"104","Eucalyptus platycorys subsp. platycorys","eucalyptus platycorys subsp. platycorys","eucalyptus platycorys","eucalyptus","platycorys","platycorys","eucalyptus platycorys subsp. platycorys","Accepted","","Maiden & Blakely","Currency Creek 3627","KT631897","KT631276","KT633063","KT632477"
"105","Eucalyptus plauta","eucalyptus plauta","eucalyptus plauta","eucalyptus","plauta",NA,"eucalyptus plauta","Synonym","Eucalyptus dissimulata","L.A.S.Johnson & K.D.Hill","Currency Creek 3613","KT631899","KT631278","KT633065","KT632479"
"106","Eucalyptus pluricaulis subsp. pluricaulis","eucalyptus pluricaulis subsp. pluricaulis","eucalyptus pluricaulis","eucalyptus","pluricaulis","pluricaulis","eucalyptus pluricaulis subsp. pluricaulis","Accepted","","Brooker & Hopper","Currency Creek 1662","KT631901","","KT633066",""
"107","Eucalyptus populnea","eucalyptus populnea","eucalyptus populnea","eucalyptus","populnea",NA,"eucalyptus populnea","Accepted","","F.Muell.","CANB 785598**","KT631905","KT631282","KT633070","KT632483"
"108","Eucalyptus pruiniramis","eucalyptus pruiniramis","eucalyptus pruiniramis","eucalyptus","pruiniramis",NA,"eucalyptus pruiniramis","Accepted","","L.A.S.Johnson & K.D.Hill","GenBank","KT631915","KT631291","KT633078","KT632492"
"109","Eucalyptus ralla","eucalyptus ralla","eucalyptus ralla","eucalyptus","ralla",NA,"eucalyptus ralla","Accepted","","L.A.S.Johnson & K.D.Hill","Currency Creek 614","KT631930","KT631304","KT633093","KT632506"
"110","Eucalyptus redunca","eucalyptus redunca","eucalyptus redunca","eucalyptus","redunca",NA,"eucalyptus redunca","Accepted","","Schauer","Currency Creek 221","KT631936","KT631309","KT633099","KT632510"
"111","Eucalyptus retinens","eucalyptus retinens","eucalyptus retinens","eucalyptus","retinens",NA,"eucalyptus retinens","Accepted","","L.A.S.Johnson & K.D.Hill","Currency Creek 648","KT631940","KT631312","KT633103","KT632514"
"112","Eucalyptus rudis","eucalyptus rudis","eucalyptus rudis","eucalyptus","rudis",NA,"eucalyptus rudis","Accepted","","Endl.","Currency Creek 1146","KT631954","KT631323","KT633115","KT632527"
"113","Eucalyptus scyphocalyx","eucalyptus scyphocalyx","eucalyptus scyphocalyx","eucalyptus","scyphocalyx",NA,"eucalyptus scyphocalyx","Accepted","","(Benth.) Maiden & Blakely","Waite Arboretum 1940A","KT631967","KT631333","KT633126","KT632539"
"114","Eucalyptus splendens subsp. splendens","eucalyptus splendens subsp. splendens","eucalyptus splendens","eucalyptus","splendens","splendens","eucalyptus splendens subsp. splendens","Accepted","","Rule","Currency Creek 1722","KT631983","KT631344","KT633140","KT632552"
"115","Eucalyptus strzeleckii subsp. strzeleckii","eucalyptus strzeleckii subsp. strzeleckii","eucalyptus strzeleckii","eucalyptus","strzeleckii","strzeleckii","eucalyptus strzeleckii subsp. strzeleckii","Accepted","","Rule","Currency Creek 1731","KT631994","KT631352","KT633148","KT632559"
"116","Eucalyptus surgens","eucalyptus surgens","eucalyptus surgens","eucalyptus","surgens",NA,"eucalyptus surgens","Accepted","","Brooker & Hopper","Currency Creek 558","KT632001","KT631357","KT633154","KT632564"
"117","Eucalyptus tectifica","eucalyptus tectifica","eucalyptus tectifica","eucalyptus","tectifica",NA,"eucalyptus tectifica","Accepted","","F.Muell.","CANB 785474**","KT632004","KT631360","KT633157",""
"118","Eucalyptus tintinnans","eucalyptus tintinnans","eucalyptus tintinnans","eucalyptus","tintinnans",NA,"eucalyptus tintinnans","Accepted","","(Blakely & Jacobs) L.A.S.Johnson","CANB 557752**","KT632017","KT631372","KT633171","KT632578"
"119","Eucalyptus trivalvis","eucalyptus trivalvis","eucalyptus trivalvis","eucalyptus","trivalvis",NA,"eucalyptus trivalvis","Accepted","","Blakely","Waite Arboretum 1842","KT632023","KT631378","KT633177","KT632585"
"120","Eucalyptus uncinata subsp. uncinata","eucalyptus uncinata subsp. uncinata","eucalyptus uncinata","eucalyptus","uncinata","uncinata","eucalyptus uncinata subsp. uncinata","Accepted","","Turcz.","Currency Creek s.n.","KT632027","KT631381","KT633181","KT632588"
"121","Eucalyptus urophylla","eucalyptus urophylla","eucalyptus urophylla","eucalyptus","urophylla",NA,"eucalyptus urophylla","Accepted","","S.T.Blake","CANB 180346**","","AF390489","KT633183","KT632590"
"122","Eucalyptus websteriana subsp. websteriana","eucalyptus websteriana subsp. websteriana","eucalyptus websteriana","eucalyptus","websteriana","websteriana","eucalyptus websteriana subsp. websteriana","Accepted","","Maiden","Waite Arboretum 1833B","KT632043","","KT633198","KT632604"
"123","Eucalyptus wetarensis","eucalyptus wetarensis","eucalyptus wetarensis","eucalyptus","wetarensis",NA,"eucalyptus wetarensis","Accepted","","L.D.Pryor","GenBank","","AY039752","",""
"124","Eucalyptus willisii subsp. willisii","eucalyptus willisii subsp. willisii","eucalyptus willisii","eucalyptus","willisii","willisii","eucalyptus willisii subsp. willisii","Accepted","","Ladiges, Humphries & Brooker","CANB 468525**","KT632047","AF058499","KT633202","KT632607"
"125","Eucalyptus xanthonema subsp. xanthonema","eucalyptus xanthonema subsp. xanthonema","eucalyptus xanthonema","eucalyptus","xanthonema","xanthonema","eucalyptus xanthonema subsp. xanthonema","Accepted","","Turcz.","CANB 794264**","KT632051","KT631399","KT633205","KT632610"
"126","Eucalyptus yangoura","eucalyptus yangoura","eucalyptus yangoura","eucalyptus","yangoura",NA,"eucalyptus yangoura","Synonym","Eucalyptus globoidea","Blakely","Waite Arboretum 2389","KT632053","KT631402","KT633207","KT632613"
"127","Heteropyxis natalensis","heteropyxis natalensis","heteropyxis natalensis","heteropyxis","natalensis",NA,"heteropyxis natalensis","Accepted","","Harv.","GenBank","","AF283676","AF368208",""
"128","Hypocalymma linifolium","hypocalymma linifolium","hypocalymma linifolium","hypocalymma","linifolium",NA,"hypocalymma linifolium","Synonym","Hypocalymma tetrapterum","Turcz.","GenBank","","","AF489379",""
"129","Kjellbergiodendron celebicum","kjellbergiodendron celebicum","kjellbergiodendron celebicum","kjellbergiodendron","celebicum",NA,"kjellbergiodendron celebicum","Accepted","","(Koord.) Merr.","GenBank","","HM160110, HM160109","AF368209",""
"130","Kunzea ericoides","kunzea ericoides","kunzea ericoides","kunzea","ericoides",NA,"kunzea ericoides","Accepted","","(A.Rich.) Joy Thomps.","GenBank","EU815435","DQ499113","AF184724",""
"131","Lophostemon confertus","lophostemon confertus","lophostemon confertus","lophostemon","confertus",NA,"lophostemon confertus","Accepted","","(R.Br.) Peter G.Wilson &","GenBank","AM489925","AF390444","AM489994","AF190368"
"132","Lophostemon suaveolens","lophostemon suaveolens","lophostemon suaveolens","lophostemon","suaveolens",NA,"lophostemon suaveolens","Accepted","","(Sol. ex Gaertn.) Peter G.Wilson","CANB 750277**","KT632060","KT631409","KT633214","KT632618"
"133","Myrtus communis","myrtus communis","myrtus communis","myrtus","communis",NA,"myrtus communis","Accepted","","L.","GenBank","AM489955","AM234149","AY525136",""
"134","Stockwellia quadrifida","stockwellia quadrifida","stockwellia quadrifida","stockwellia","quadrifida",NA,"stockwellia quadrifida","Accepted","","D.J.Carr, S.G.M.Carr & B.Hyland","GenBank","DQ352539","AF058452","AY525138",""
"135","Syncarpia glomulifera","syncarpia glomulifera","syncarpia glomulifera","syncarpia","glomulifera",NA,"syncarpia glomulifera","Accepted","","(Sm.) Nied.","Boodooree Botanic Garden s.n.","KT632061","HM160117","AF368220","KT632619"
"136","Syncarpia hillii","syncarpia hillii","syncarpia hillii","syncarpia","hillii",NA,"syncarpia hillii","Accepted","","F.M.Bailey","ANBG 612122","KT632062","KT631410","KT633215","KT632620"
"137","Syzygium angophoroides","syzygium angophoroides","syzygium angophoroides","syzygium","angophoroides",NA,"syzygium angophoroides","Accepted","","(F.Muell.) B.Hyland","GenBank","AY187106","AY187172","DQ088557",""
"138","Tepualia stipularis","tepualia stipularis","tepualia stipularis","tepualia","stipularis",NA,"tepualia stipularis","Accepted","","(Hook. & Arn.) Griseb.","GenBank","AM489969","AM234071","AF368222","AM489884"
